模块,位置描述,zh-CN 简体中文（中国大陆）,zh-TW 繁体中文（中国台湾）,en-US 英文（美国）,vi-VN 越南语（越南）,ar-SA 阿拉伯语（沙特阿拉伯）,es-ES 西班牙语（西班牙）,pt-BR 葡萄牙语（巴西）,fr-FR 法语（法国）,ja-JP 日语（日本）,ko-KR 韩语（韩国）,ur-PK 乌尔都语（巴基斯坦）,id-ID 印尼语（印度尼西亚）,hi-IN 印地语（印度）,ru-RU 俄语（俄罗斯）,tr-TR 土耳其语（土耳其）,使用场景/注意事项,
【公共按钮/通用状态】,,,,,,,,,,,,,,,,,,
公共按钮/通用状态,全站通用按钮 - 登录,登录,登入,Log In,Đăng nhập,تسجيل الدخول,Iniciar sesión,Entrar,Se connecter,ログイン,로그인,لاگ ان کریں,Masuk,लॉग इन,Войти,Giriş Yap,通用按钮文案，建议控制字数，重点检查窄屏和弹窗底部按钮,
公共按钮/通用状态,全站通用按钮 - 确认,确认,確認,Confirm,Xác nhận,تأكيد,Confirmar,Confirmar,Confirmer,確認,확인,تائید کریں,Konfirmasi,पुष्टि करें,Подтвердить,Onayla,通用按钮文案，建议控制字数，重点检查窄屏和弹窗底部按钮,
公共按钮/通用状态,全站通用按钮 - 取消,取消,取消,Cancel,Hủy,إلغاء,Cancelar,Cancelar,Annuler,キャンセル,취소,منسوخ کریں,Batal,रद्द करें,Отмена,İptal,通用按钮文案，建议控制字数，重点检查窄屏和弹窗底部按钮,
公共按钮/通用状态,全站通用按钮 - 提交,提交,提交,Submit,Gửi,إرسال,Enviar,Enviar,Soumettre,送信,제출,جمع کریں,Kirim,जमा करें,Отправить,Gönder,通用按钮文案，建议控制字数，重点检查窄屏和弹窗底部按钮,
公共按钮/通用状态,全站通用按钮 - 重置,重置,重置,Reset,Đặt lại,إعادة ضبط,Restablecer,Redefinir,Réinitialiser,リセット,초기화,ری سیٹ کریں,Atur Ulang,रीसेट करें,Сбросить,Sıfırla,通用按钮文案，建议控制字数，重点检查窄屏和弹窗底部按钮,
公共按钮/通用状态,全站通用按钮 - 保存,保存,保存,Save,Lưu,حفظ,Guardar,Salvar,Enregistrer,保存,저장,محفوظ کریں,Simpan,सहेजें,Сохранить,Kaydet,通用按钮文案，建议控制字数，重点检查窄屏和弹窗底部按钮,
公共按钮/通用状态,全站通用按钮 - 保存中,保存中...,保存中...,Saving...,Đang lưu...,جارٍ الحفظ...,Guardando...,Salvando...,Enregistrement...,保存中...,저장 중...,محفوظ کیا جا رہا ہے...,Menyimpan...,सहेजा जा रहा है...,Сохранение...,Kaydediliyor...,通用按钮文案，建议控制字数，重点检查窄屏和弹窗底部按钮,
公共按钮/通用状态,全站通用按钮 - 删除,删除,刪除,Delete,Xóa,حذف,Eliminar,Excluir,Supprimer,削除,삭제,حذف کریں,Hapus,हटाएं,Удалить,Sil,通用按钮文案，建议控制字数，重点检查窄屏和弹窗底部按钮,
公共按钮/通用状态,全站通用按钮 - 编辑,编辑,編輯,Edit,Chỉnh sửa,تعديل,Editar,Editar,Modifier,編集,수정,ترمیم کریں,Ubah,संपादित करें,Редактировать,Düzenle,通用按钮文案，建议控制字数，重点检查窄屏和弹窗底部按钮,
公共按钮/通用状态,全站通用按钮 - 查看全部,查看全部,查看全部,View All,Xem tất cả,عرض الكل,Ver todo,Ver tudo,Voir tout,すべて表示,전체 보기,سب دیکھیں,Lihat Semua,सभी देखें,Показать все,Tümünü Gör,通用按钮文案，建议控制字数，重点检查窄屏和弹窗底部按钮,
公共按钮/通用状态,全站通用按钮 - 更多,更多,更多,More,Xem thêm,المزيد,Más,Mais,Plus,もっと見る,더 보기,مزید,Lainnya,अधिक,Ещё,Daha Fazla,通用按钮文案，建议控制字数，重点检查窄屏和弹窗底部按钮,
公共按钮/通用状态,全站通用按钮 - 展开,展开,展開,Expand,Mở rộng,توسيع,Expandir,Expandir,Développer,展開,펼치기,پھیلائیں,Perluas,फैलाएं,Развернуть,Genişlet,通用按钮文案，建议控制字数，重点检查窄屏和弹窗底部按钮,
公共按钮/通用状态,全站通用按钮 - 收起,收起,收起,Collapse,Thu gọn,طي,Contraer,Recolher,Réduire,收起,접기,سکڑائیں,Ciutkan,संक्षिप्त करें,Свернуть,Daralt,通用按钮文案，建议控制字数，重点检查窄屏和弹窗底部按钮,
公共按钮/通用状态,全站通用按钮 - 关注,关注,關注,Follow,Theo dõi,متابعة,Seguir,Seguir,Suivre,フォロー,팔로우,فالو کریں,Ikuti,फॉलो करें,Подписаться,Takip Et,通用按钮文案，建议控制字数，重点检查窄屏和弹窗底部按钮,
公共按钮/通用状态,全站通用按钮 - 已关注,已关注,已關注,Followed,Đã theo dõi,تمت المتابعة,Siguiendo,Seguindo,Suivi,フォロー中,팔로우 중,فالو کیا گیا,Diikuti,फ़ॉलो किया गया,Вы подписаны,Takip ediliyor,通用按钮文案，建议控制字数，重点检查窄屏和弹窗底部按钮,
公共按钮/通用状态,全站通用按钮 - 关注中,关注中,關注中,Following,Đang theo dõi,جارٍ المتابعة,Siguiendo,Seguindo,Abonnements,フォロー中,팔로잉 중,فالو کر رہا ہے,Mengikuti,फॉलो कर रहा है,Подписка...,Takip Ediliyor,通用按钮文案，建议控制字数，重点检查窄屏和弹窗底部按钮,
公共按钮/通用状态,全站通用按钮 - 取消关注,取消关注,取消關注,Unfollow,Bỏ theo dõi,إلغاء المتابعة,Dejar de seguir,Deixar de seguir,Ne plus suivre,フォロー解除,팔로우 해제,انفالو کریں,Berhenti Mengikuti,अनफॉलो करें,Отписаться,Takibi Bırak,通用按钮文案，建议控制字数，重点检查窄屏和弹窗底部按钮,
公共按钮/通用状态,全站通用按钮 - 立即关注,立即关注,立即關注,Follow Now,Theo dõi ngay,تابع الآن,Seguir ahora,Seguir agora,Suivre maintenant,今すぐフォロー,지금 팔로우,ابھی فالو کریں,Ikuti Sekarang,अभी फॉलो करें,Подписаться сейчас,Şimdi Takip Et,通用按钮文案，建议控制字数，重点检查窄屏和弹窗底部按钮,
公共按钮/通用状态,全站通用按钮 - 开播,开播,開播,Go Live,Phát trực tiếp,اذهب للبث,Transmitir en vivo,Iniciar live,Lancer le live,配信開始,라이브 시작,لائیو جائیں,Mulai Live,लाइव जाएं,Начать эфир,Canlı Yayına Geç,通用按钮文案，建议控制字数，重点检查窄屏和弹窗底部按钮,
公共按钮/通用状态,全站通用按钮 - 加入,加入,加入,Join,Tham gia,انضمام,Unirse,Entrar,Rejoindre,参加,참여,شامل ہوں,Gabung,शामिल हों,Вступить,Kat?l,通用按钮文案，建议控制字数，重点检查窄屏和弹窗底部按钮,
公共按钮/通用状态,全站通用按钮 - 创建群组,创建群组,創建群組,Create Group,Tạo nhóm,إنشاء مجموعة,Crear grupo,Criar grupo,Créer un groupe,グループを作成,그룹 만들기,گروپ بنائیں,Buat Grup,समूह बनाएं,Создать группу,Grup oluştur,通用按钮文案，建议控制字数，重点检查窄屏和弹窗底部按钮,
公共按钮/通用状态,全站通用操作入口 - 搜索,搜索,搜尋,Search,Tìm kiếm,بحث,Buscar,Buscar,Rechercher,検索,검색,تلاش,Cari,खोज,Поиск,Ara,通用按钮文案，建议控制字数，重点检查窄屏和弹窗底部按钮,
公共按钮/通用状态,全站通用操作入口 - 清空,清空,清空,Clear,Xóa,مسح,Limpiar,Limpar,Effacer,クリア,지우기,صاف کریں,Bersihkan,साफ करें,Очистить,Temizle,通用按钮文案，建议控制字数，重点检查窄屏和弹窗底部按钮,
公共按钮/通用状态,全站通用操作入口 - 复制,复制,複製,Copy,Sao chép,نسخ,Copiar,Copiar,Copier,コピー,복사,کاپی کریں,Salin,कॉपी करें,Копировать,Kopyala,通用按钮文案，建议控制字数，重点检查窄屏和弹窗底部按钮,
公共按钮/通用状态,全站通用操作入口 - 返回,返回,返回,Back,Quay lại,رجوع,Volver,Voltar,Retour,戻る,뒤로,واپس,Kembali,वापस,Назад,Geri,通用按钮文案，建议控制字数，重点检查窄屏和弹窗底部按钮,
公共按钮/通用状态,全站通用操作入口 - 加载更多,加载更多,載入更多,Load more,Tải thêm,تحميل المزيد,Cargar más,Carregar mais,Charger plus,もっと読み込む,더 보기,مزید لوڈ کریں,Muat lebih banyak,और लोड करें,Загрузить ещё,Daha fazla yükle,通用按钮文案，建议控制字数，重点检查窄屏和弹窗底部按钮,
公共按钮/通用状态,全站通用状态提示 - 加载中,加载中...,載入中...,Loading...,Đang tải...,جارٍ التحميل...,Cargando...,Carregando...,Chargement...,読み込み中...,로딩 중...,لوڈ ہو رہا ہے...,Memuat...,लोड हो रहा है...,Загрузка...,Yükleniyor...,通用按钮文案，建议控制字数，重点检查窄屏和弹窗底部按钮,
公共按钮/通用状态,全站通用状态提示 - 暂无数据,暂无数据,暫無資料,No data,Không có dữ liệu,لا توجد بيانات,Sin datos,Sem dados,Aucune donnée,データがありません,데이터 없음,کوئی ڈیٹا نہیں,Tidak ada data,कोई डेटा नहीं,Нет данных,Veri yok,通用按钮文案，建议控制字数，重点检查窄屏和弹窗底部按钮,
公共按钮/通用状态,全站通用状态提示 - 没有更多,没有更多,沒有更多,No more,Không còn nữa,لا مزيد,No hay más,Não há mais,Plus rien,これ以上ありません,더 이상 없음,مزید نہیں,Tidak ada lagi,अधिक नहीं,Больше нет,Daha fazla yok,通用按钮文案，建议控制字数，重点检查窄屏和弹窗底部按钮,
公共按钮/通用状态,全站通用状态提示 - 无搜索结果,无搜索结果,無搜尋結果,No search result,Không có kết quả tìm kiếm,لا توجد نتائج,Sin resultados de búsqueda,Nenhum resultado de busca,Aucun résultat de recherche,検索結果がありません,검색 결과 없음,کوئی تلاش نتیجہ نہیں,Tidak ada hasil pencarian,कोई खोज परिणाम नहीं,Ничего не найдено,Arama sonucu yok,通用按钮文案，建议控制字数，重点检查窄屏和弹窗底部按钮,
公共按钮/通用状态,全站通用状态提示 - 网络错误，请稍后重试,网络错误，请稍后重试,網路錯誤，請稍後再試,"Network error, please try again later","Lỗi mạng, vui lòng thử lại sau",خطأ في الشبكة، يرجى المحاولة لاحقاً,"Error de red, inténtalo de nuevo más tarde","Erro de rede, tente novamente mais tarde","Erreur réseau, veuillez réessayer plus tard",ネットワークエラーです。しばらくしてからお試しください,네트워크 오류. 잠시 후 다시 시도해주세요,نیٹ ورک خرابی، براہ کرم بعد میں دوبارہ کوشش کریں,"Kesalahan jaringan, silakan coba lagi nanti","नेटवर्क त्रुटि, कृपया बाद में फिर प्रयास करें","Ошибка сети, попробуйте позже","Ağ hatası, lütfen daha sonra tekrar deneyin",通用按钮文案，建议控制字数，重点检查窄屏和弹窗底部按钮,
公共按钮/通用状态,全站通用消息提示 - 成功,成功,成功,Success,Thành công,نجاح,Éxito,Sucesso,Succès,成功,성공,کامیابی,Berhasil,सफलता,Успешно,Başarılı,通用按钮文案，建议控制字数，重点检查窄屏和弹窗底部按钮,
公共按钮/通用状态,全站通用消息提示 - 错误,错误,錯誤,Error,Lỗi,خطأ,error,Erro,Erreur,エラー,오류,خرابی,Kesalahan,त्रुटि,Ошибка,Hata,通用按钮文案，建议控制字数，重点检查窄屏和弹窗底部按钮,
公共按钮/通用状态,全站通用消息提示 - 提醒,提醒,提醒,Warning,Cảnh báo,تحذير,Advertencia,Aviso,Avertissement,警告,경고,انتباہ,Peringatan,चेतावनी,Предупреждение,Uyarı,通用按钮文案，建议控制字数，重点检查窄屏和弹窗底部按钮,
公共按钮/通用状态,全站通用消息提示 - 提示,提示,提示,Info,Thông tin,معلومة,Información,Informação,Information,情報,정보,معلومات,Informasi,जानकारी,Информация,Bilgi,通用按钮文案，建议控制字数，重点检查窄屏和弹窗底部按钮,
公共按钮/通用状态,全站通用消息提示 - 保存成功,保存成功,已保存,Saved successfully,Lưu thành công,تم الحفظ بنجاح,Guardado con éxito,Salvo com sucesso,Enregistré avec succès,保存しました,저장 완료,کامیابی سے محفوظ کیا گیا,Berhasil disimpan,सफलतापूर्वक सहेजा गया,Успешно сохранено,Başarıyla kaydedildi,通用按钮文案，建议控制字数，重点检查窄屏和弹窗底部按钮,
公共按钮/通用状态,全站通用消息提示 - 加载失败，请稍后重试,加载失败，请稍后重试,載入失敗，請稍後再試,"Failed to load, please try again later","Tải thất bại, vui lòng thử lại sau",فشل في التحميل، يرجى المحاولة لاحقاً,"No se pudo cargar, inténtalo de nuevo más tarde","Falha ao carregar, tente novamente mais tarde","Échec du chargement, veuillez réessayer plus tard",読み込みに失敗しました。しばらくしてからお試しください,로드 실패. 잠시 후 다시 시도해주세요,لوڈ کرنے میں ناکام، براہ کرم بعد میں دوبارہ کوشش کریں,"Gagal memuat, silakan coba lagi nanti","लोड करने में विफल, कृपया बाद में पुनः प्रयास करें","Не удалось загрузить, попробуйте позже","Yükleme başarısız, lütfen daha sonra tekrar deneyin",通用按钮文案，建议控制字数，重点检查窄屏和弹窗底部按钮,
公共按钮/通用状态,全站通用消息提示 - 操作失败，请稍后重试,操作失败，请稍后重试,操作失敗,"Operation failed, please try again later","Thao tác thất bại, vui lòng thử lại sau",فشل في العملية، يرجى المحاولة لاحقاً,"La operación falló, inténtalo de nuevo más tarde","Falha na operação, tente novamente mais tarde","Opération échouée, veuillez réessayer plus tard",操作に失敗しました。しばらくしてからお試しください,작업 실패. 잠시 후 다시 시도해주세요,آپریشن ناکام، براہ کرم بعد میں دوبارہ کوشش کریں,"Operasi gagal, silakan coba lagi nanti","संचालन विफल, कृपया बाद में पुनः प्रयास करें","Операция не выполнена, попробуйте позже","İşlem başarısız, lütfen daha sonra tekrar deneyin",通用按钮文案，建议控制字数，重点检查窄屏和弹窗底部按钮,
【顶部导航/侧边栏/首页】,,,,,,,,,,,,,,,,,,
顶部导航/侧边栏/首页,PC 左侧导航-首页入口,首页,首頁,Home,Trang chủ,الرئيسية,Inicio,Início,Accueil,ホーム,홈,ہوم,Beranda,होम,Главная,Ana Sayfa,导航/首页固定入口，需同步检查跳转、悬浮态和移动端对应入口,
顶部导航/侧边栏/首页,PC 左侧导航-聊天入口,聊天,聊天,Chats,Trò chuyện,الدردشات,Grupos no leídos,Grupos não lidos,Groupes non lus,チャット,채팅,چیٹس,Obrolan,चैट्स,Чаты,Sohbetler,导航/首页固定入口，需同步检查跳转、悬浮态和移动端对应入口,
顶部导航/侧边栏/首页,PC 左侧导航-行情入口,行情,市場,Markets,Thị trường,الأسواق,Mercados,Mercados,Marchés,マーケット,마켓,مارکیٹس,Pasar,मार्केट्स,Рынки,Piyasalar,导航/首页固定入口，需同步检查跳转、悬浮态和移动端对应入口,
顶部导航/侧边栏/首页,PC 左侧导航-广场入口,广场,廣場,Square,Quảng trường,المربع,Plaza,Feed,Place,スクエア,스퀘어,اسکوائر,Feed,स्क्वायर,Лента,Akış,导航/首页固定入口，需同步检查跳转、悬浮态和移动端对应入口,
顶部导航/侧边栏/首页,PC 左侧导航-浏览记录入口,浏览记录,瀏覽記錄,Browsing History,Lịch sử duyệt,سجل التصفح,Historial de navegación,Histórico de navegação,Historique de navigation,閲覧履歴,시청 기록,براؤزنگ ہسٹری,Riwayat Penelusuran,ब्राउज़िंग हिस्ट्री,История просмотров,Gezinme Geçmişi,导航/首页固定入口，需同步检查跳转、悬浮态和移动端对应入口,
顶部导航/侧边栏/首页,PC 左侧导航-预约直播入口,预约直播,預約直播,Reserved Live,Live đã đặt,البث المحجوز,Directos reservados,Lives reservadas,Lives réservés,予約済みライブ,예약 라이브,ریزروڈ لائیو,Live Terjadwal,आरक्षित लाइव,Запланированные эфиры,Rezerve Edilen Yayınlar,导航/首页固定入口，需同步检查跳转、悬浮态和移动端对应入口,
顶部导航/侧边栏/首页,PC 左侧导航-我的入口,我的,我的,Me,Tôi,أنا,Yo,Eu,Moi,マイ,내 정보,میں,Saya,मैं,Я,Ben,导航/首页固定入口，需同步检查跳转、悬浮态和移动端对应入口,
顶部导航/侧边栏/首页,PC 侧边栏 - 下载,下载,下載,Download,Tải xuống,تنزيل,Descargar,Baixar,Télécharger,ダウンロード,다운로드,ڈاؤن لوڈ,Unduh,डाउनलोड,Скачать,İndir,导航/首页固定入口，需同步检查跳转、悬浮态和移动端对应入口,
顶部导航/侧边栏/首页,PC 侧边栏 - 用户协议,用户协议,用戶協議,User Agreement,Thỏa thuận người dùng,اتفاقية المستخدم,Acuerdo de usuario,Acordo do Usuário,Accord utilisateur,利用規約,이용약관,صارف معاہدہ,Perjanjian Pengguna,उपयोगकर्ता समझौता,Пользовательское соглашение,Kullanıcı Sözleşmesi,导航/首页固定入口，需同步检查跳转、悬浮态和移动端对应入口,
顶部导航/侧边栏/首页,PC 侧边栏 - 隐私政策,隐私政策,隱私政策,Privacy Policy,Chính sách quyền riêng tư,سياسة الخصوصية,Política de privacidad,Política de Privacidade,Politique de confidentialité,プライバシーポリシー,개인정보처리방침,رازداری کی پالیسی,Kebijakan Privasi,गोपनीयता नीति,Политика конфиденциальности,Gizlilik Politikası,导航/首页固定入口，需同步检查跳转、悬浮态和移动端对应入口,
顶部导航/侧边栏/首页,PC 左侧栏-推荐主播模块标题,推荐主播,推薦主播,Recommended Streamers,Streamer đề xuất,البثّ المُوصى به,Streamers recomendados,Streamers recomendados,Streamers recommandés,おすすめ配信者,추천 스트리머,تجویز کردہ اسٹریمرز,Streamer rekomendasi,अनुशंसित स्ट्रीमर,Рекомендуемые стримеры,Önerilen yayıncılar,导航/首页固定入口，需同步检查跳转、悬浮态和移动端对应入口,
顶部导航/侧边栏/首页,PC 侧边栏 - 关注的主播,关注的主播,關注的主播,Following Streamers,Streamer đang theo dõi,البثّ الذين تتابعهم,Streamers que sigues,Streamers que você segue,Streamers suivis,フォロー中の配信者,팔로우한 스트리머,سٹریمرز کی پیروی کی۔,Streamer yang diikuti,स्ट्रीमर्स का अनुसरण किया,Отслеживаемые стримеры,Takip edilen yayıncılar,导航/首页固定入口，需同步检查跳转、悬浮态和移动端对应入口,
顶部导航/侧边栏/首页,PC 左侧栏-查看更多按钮,查看更多,查看更多,View more,Xem thêm,عرض المزيد,Ver más,Ver mais,Voir plus,もっと見る,더보기,مزید دیکھیں,Lihat lainnya,और देखें,Показать ещё,Daha fazla,导航/首页固定入口，需同步检查跳转、悬浮态和移动端对应入口,
顶部导航/侧边栏/首页,PC 左侧栏-刷新推荐主播按钮,刷新主播列表,重新載入主播列表,Refresh streamer list,Làm mới danh sách streamer,تحديث قائمة البثّ,Actualizar lista de streamers,Atualizar lista de streamers,Actualiser la liste des streamers,配信者リストを更新,스트리머 목록 새로고침,اسٹریمر لسٹ کو ریفریش کریں۔,Segarkan daftar streamer,स्ट्रीमर सूची ताज़ा करें,Обновить список стримеров,Yayıncı listesini yenile,导航/首页固定入口，需同步检查跳转、悬浮态和移动端对应入口,
顶部导航/侧边栏/首页,PC 侧边栏 - 粉丝 数值,粉丝 {{value}},粉絲 {{value}},Fans {{value}},{{value}} fan,المتابعون {{value}},Seguidores {{value}},Seguidores {{value}},Abonnés {{value}},フォロワー {{value}},팔로워 {{value}},پرستار {{value}},Pengikut {{value}},प्रशंसक {{value}},Подписчики {{value}},Takipçi {{value}},含动态变量，翻译时必须保留 {{}} 内占位符，前后语序可按语言调整,
顶部导航/侧边栏/首页,首页主内容区 - 探索、分享、赚取,探索、分享、赚取,探索、分享、賺取,"Discover, Share, Earn","Khám phá, chia sẻ, kiếm tiền",اكتشف وشارك واربح في Web3,"Descubre, comparte y gana en Web3","Descubra, compartilhe e ganhe no Web3","Découvrir, partager et gagner dans le Web3",Web3で発見・共有・収益化,"Web3에서 발견하고, 공유하고, 수익을 얻으세요",Web3 میں دریافت کریں، شیئر کریں، کمائیں,"Temukan, Bagikan, Raih di Web3","Web3 में खोजें, साझा करें, कमाएँ","Открывай, делись и зарабатывай в Web3","Web3'te Keşfet, Paylaş, Kazan",导航/首页固定入口，需同步检查跳转、悬浮态和移动端对应入口,
顶部导航/侧边栏/首页,首页轮播图 - 上一张轮播图,上一张轮播图,上一張輪播圖,Previous banner,Banner trước,الشريحة السابقة,Banner anterior,Banner anterior,Bannière précédente,前のバナー,이전 배너,پچھلا بینر,Banner sebelumnya,पिछला बैनर,Предыдущий баннер,Önceki banner,导航/首页固定入口，需同步检查跳转、悬浮态和移动端对应入口,
顶部导航/侧边栏/首页,首页轮播图 - 下一张轮播图,下一张轮播图,下一張輪播圖,Next banner,Banner tiếp theo,الشريحة التالية,Banner siguiente,Próximo banner,Bannière suivante,次のバナー,다음 배너,اگلا بینر,Banner berikutnya,अगला बैनर,Следующий баннер,Sonraki banner,导航/首页固定入口，需同步检查跳转、悬浮态和移动端对应入口,
顶部导航/侧边栏/首页,首页轮播图 - 轮播图分页,轮播图分页,輪播圖分頁,Banner pages,Trang banner,صفحات الشرائح,Páginas del banner,Páginas do banner,Pages de la bannière,バナーページ,배너 페이지,بینر صفحات,Halaman banner,बैनर पेज,Страницы баннера,Banner sayfaları,导航/首页固定入口，需同步检查跳转、悬浮态和移动端对应入口,
顶部导航/侧边栏/首页,下载弹窗/下载区 - 下载 APP,下载 APP,下載 APP,Download APP,Tải ứng dụng,تنزيل التطبيق,Descargar APP,Baixar APP,Télécharger l'application,APPをダウンロード,앱 다운로드,ایپ ڈاؤن لوڈ کریں,Unduh Aplikasi,ऐप डाउनलोड करें,Скачать приложение,Uygulamayı İndir,导航/首页固定入口，需同步检查跳转、悬浮态和移动端对应入口,
顶部导航/侧边栏/首页,页脚/下载区-下载 OnCoin App 链接,下载 OnCoin App,下載 OnCoin App,Download OnCoin App,Tải ứng dụng OnCoin,تنزيل تطبيق OnCoin,Descargar la app OnCoin,Baixar o app OnCoin,Télécharger l’app OnCoin,OnCoinアプリをダウンロード,OnCoin 앱 다운로드,OnCoin ایپ ڈاؤن لوڈ کریں,Unduh aplikasi OnCoin,OnCoin ऐप डाउनलोड करें,Скачать приложение OnCoin,OnCoin uygulamasını indir,导航/首页固定入口，需同步检查跳转、悬浮态和移动端对应入口,
顶部导航/侧边栏/首页,下载弹窗/下载区 - App Store,App Store,App Store,App Store,App Store,App Store,App Store,App Store,App Store,App Store,App Store,App Store,App Store,App Store,App Store,App Store,导航/首页固定入口，需同步检查跳转、悬浮态和移动端对应入口,
顶部导航/侧边栏/首页,下载弹窗/下载区 - Google Play,Google Play,Google Play,Google Play,Google Play,Google Play,Google Play,Google Play,Google Play,Google Play,Google Play,Google Play,Google Play,Google Play,Google Play,Google Play,导航/首页固定入口，需同步检查跳转、悬浮态和移动端对应入口,
顶部导航/侧边栏/首页,移动端首页筛选栏默认项 - 按最新时间排序,最新,最新,Latest,Mới nhất,الأحدث,Más reciente,Mais recentes,Les plus récents,最新,최신,تازہ ترین,Terbaru,नवीनतम,Новые,En Yeni,移动端首页筛选栏默认项，列表按发布/开播时间从新到旧排序；建议 i18n key：live.pc_more.sort_latest,
【登录/注册/账号】,,,,,,,,,,,,,,,,,,
登录/注册/账号,登录弹窗 - 登录,登录,登入,Log In,Đăng nhập,تسجيل الدخول,Iniciar sesión,Entrar,Se connecter,ログイン,로그인,لاگ ان کریں,Masuk,लॉग इन,Войти,Giriş Yap,页面固定系统文案，需纳入 i18n 统一管理并检查多语言显示宽度,
登录/注册/账号,登录弹窗 - 登录中,登录中...,登入中...,Logging in...,Đang đăng nhập...,جارٍ التحميل...,Cargando...,Carregando...,Chargement...,読み込み中...,로딩 중...,لوڈ ہو رہا ہے...,Memuat...,लोड हो रहा है...,Загрузка...,Yükleniyor...,页面固定系统文案，需纳入 i18n 统一管理并检查多语言显示宽度,
登录/注册/账号,登录弹窗 - 数值 秒后重发,{{seconds}} 秒后重发,{{seconds}} 秒後重發,Resend in {{seconds}}s,Gửi lại sau {{seconds}} giây,إعادة إرسال {{seconds}}ث,Reenviar en {{seconds}}s,Reenviar em {{seconds}}s,Renvoyer dans {{seconds}}s,{{seconds}}秒後に再送,{{seconds}}초 후 재전송,{{seconds}}s میں دوبارہ بھیجیں,Kirim ulang dalam {{seconds}}d,{{seconds}}s में फिर भेजें,Повторить через {{seconds}}с,{{seconds}} sn sonra yeniden gönder,含动态变量，翻译时必须保留 {{}} 内占位符，前后语序可按语言调整,
登录/注册/账号,首次登录资料完善弹窗 - 完善个人资料,完善个人资料,完善個人資料,Complete Your Profile,Hoàn thiện hồ sơ,أكمل ملف Pro الخاص بك,Complete su archivo Pro,Complete seu arquivo Pro,Complétez votre fichier Pro,Proファイルを完成させてください,Pro파일을 완성하세요,اپنی Pro فائل کو مکمل کریں۔,Lengkapi file Pro Anda,अपनी Proफ़ाइल पूरी करें,Заполните свой файл Pro,Pro dosyanızı tamamlayın,页面固定系统文案，需纳入 i18n 统一管理并检查多语言显示宽度,
登录/注册/账号,首次登录资料完善弹窗 - 首次登录后，请完善头像、昵称和简介。,首次登录后，请完善头像、昵称和简介。,首次登入後，請完善頭像、暱稱和簡介。,"After your first sign in, please complete your avatar, display name, and bio.","Sau lần đăng nhập đầu tiên, vui lòng hoàn thiện ảnh đại diện, tên hiển thị và tiểu sử.",بعد تسجيل الدخول لأول مرة، يرجى إكمال الصورة الرمزية والاسم المستعار والنبذة.,"Después de iniciar sesión por primera vez, completa tu avatar, nombre visible y biografía.","Após o primeiro login, complete seu avatar, nome de exibição e bio.","Après votre première connexion, veuillez compléter votre avatar, votre nom affiché et votre bio.",初回ログイン後、アバター、表示名、自己紹介を設定してください。,"첫 로그인 후 아바타, 표시 이름, 소개를 완성해 주세요.",پہلی بار لاگ اِن کے بعد اپنی اوتار، ڈسپلے نام اور تعارف مکمل کریں۔,"Setelah pertama kali masuk, lengkapi avatar, nama tampilan, dan bio Anda.","पहली बार साइन इन करने के बाद अपना अवतार, डिस्प्ले नाम और परिचय पूरा करें।","После первого входа заполните аватар, отображаемое имя и описание профиля.","İlk oturum açmanızdan sonra avatarınızı, görünen adınızı ve biyografinizi tamamlayın.",页面固定系统文案，需纳入 i18n 统一管理并检查多语言显示宽度,
登录/注册/账号,首次登录资料完善弹窗 - 头像,头像,頭像,Avatar,Ảnh đại diện,الصورة الرمزية,avatar,avatar,Photo de profil,アバター,아바타,ایواٹر,Avatar,अवतार,Аватар,avatar,页面固定系统文案，需纳入 i18n 统一管理并检查多语言显示宽度,
登录/注册/账号,首次登录资料完善弹窗 - 显示名称,显示名称,顯示名稱,Display Name,Tên hiển thị,اسم العرض,Nombre para mostrar,Nome de Exibição,Nom d'affichage,表示名,표시 이름,ڈسپلے نام,Nama Tampilan,डिस्प्ले नाम,Отображаемое имя,Görünen Ad,页面固定系统文案，需纳入 i18n 统一管理并检查多语言显示宽度,
登录/注册/账号,首次登录资料完善弹窗 - 简介,简介,簡介,Bio,Tiểu sử,نبذة,Biografía,Biografia,Biographie,自己紹介,소개,بایو,Biodata,बायो,О себе,Biyografi,页面固定系统文案，需纳入 i18n 统一管理并检查多语言显示宽度,
登录/注册/账号,首次登录资料完善弹窗 - 稍后,稍后,稍後,Later,Để sau,في وقت لاحق,Más tarde,Mais tarde,Plus tard,後で,나중에,بعد میں,Nanti,बाद में,Позже,Daha sonra,页面固定系统文案，需纳入 i18n 统一管理并检查多语言显示宽度,
登录/注册/账号,首次登录资料完善弹窗 - 立即完善,立即完善,立即完善,Complete Now,Hoàn thiện ngay,أكمل الآن,Completar ahora,Concluir agora,Terminez maintenant,今すぐ完了,지금 완료하세요,ابھی مکمل کریں۔,Selesaikan Sekarang,अभी पूरा करें,Завершить сейчас,Şimdi Tamamla,通用按钮文案，建议控制字数，重点检查窄屏和弹窗底部按钮,
登录/注册/账号,退出登录确认弹窗 - 确定退出登录？,确定退出登录？,確定登出？,Log out?,Đăng xuất?,تسجيل الخروج؟,¿Cerrar sesión?,Sair?,Se déconnecter ?,ログアウトしますか？,로그아웃할까요?,لاگ آؤٹ کریں؟,Keluar?,लॉग आउट करें?,Выйти?,Çıkış yapılsın mı?,系统弹窗/提示条文案，需检查确认、取消、异常提示和浏览器场景,
登录/注册/账号,退出登录确认弹窗 - 取消,取消,取消,Cancel,Hủy,إلغاء,Cancelar,Cancelar,Annuler,キャンセル,취소,منسوخ کریں,Batal,रद्द करें,Отмена,İptal,系统弹窗/提示条文案，需检查确认、取消、异常提示和浏览器场景,
登录/注册/账号,退出登录确认弹窗 - 退出,退出,登出,Log out,Đăng xuất,تسجيل الخروج,Cerrar sesión,Sair,Se déconnecter,ログアウト,로그아웃,لاگ آؤٹ,Keluar,लॉग आउट,Выйти,Çıkış Yap,系统弹窗/提示条文案，需检查确认、取消、异常提示和浏览器场景,
登录/注册/账号,登录/注册/账号 - 其他设备登录提示,你的账号已在其他设备登录，当前设备已退出。如非本人操作，请及时修改密码。,你的帳號已在其他裝置登入，目前裝置已登出。如非本人操作，請及時修改密碼。,"Your account was signed in on another device, and this device has been signed out. If this wasn't you, please change your password immediately.","Tài khoản của bạn đã đăng nhập trên thiết bị khác và thiết bị hiện tại đã đăng xuất. Nếu không phải bạn, vui lòng đổi mật khẩu ngay.",تم تسجيل الدخول إلى حسابك على جهاز آخر، وتم تسجيل الخروج من هذا الجهاز. إذا لم تكن أنت، يُرجى تغيير كلمة المرور فورًا.,"Tu cuenta ha iniciado sesión en otro dispositivo y este dispositivo ha cerrado sesión. Si no fuiste tú, cambia tu contraseña de inmediato.","Sua conta foi acessada em outro dispositivo e este dispositivo foi desconectado. Se não foi você, altere sua senha imediatamente.","Votre compte s'est connecté sur un autre appareil et cet appareil a été déconnecté. Si ce n'était pas vous, veuillez changer votre mot de passe immédiatement.",あなたのアカウントは別のデバイスでログインされたため、このデバイスからログアウトされました。ご本人でない場合は、すぐにパスワードを変更してください。,계정이 다른 기기에서 로그인되어 현재 기기에서 로그아웃되었습니다. 본인이 아니라면 즉시 비밀번호를 변경해 주세요.,آپ کا اکاؤنٹ کسی دوسرے ڈیوائس پر لاگ اِن ہو چکا ہے اور موجودہ ڈیوائس لاگ آؤٹ کر دی گئی ہے۔ اگر یہ آپ نہیں تھے تو فوراً پاس ورڈ تبدیل کریں۔,"Akun Anda telah masuk di perangkat lain, dan perangkat ini telah keluar. Jika bukan Anda, segera ubah kata sandi.","आपका खाता किसी अन्य डिवाइस पर लॉग इन हो चुका है, और इस डिवाइस से लॉग आउट कर दिया गया है। यदि यह आप नहीं थे, तो तुरंत अपना पासवर्ड बदलें।","В ваш аккаунт выполнен вход с другого устройства, и на этом устройстве выполнен выход. Если это были не вы, немедленно смените пароль.",Hesabınız başka bir cihazda oturum açtı ve bu cihazdan çıkış yapıldı. Bu siz değilseniz lütfen hemen şifrenizi değiştirin.,账号在其他设备登录后，当前设备被强制退出的弹窗/Toast 提示；引导用户及时修改密码,
【搜索】,,,,,,,,,,,,,,,,,,
搜索,顶部搜索框-占位文案,搜索,搜尋,Search,Tìm kiếm,بحث,Buscar,Buscar,Rechercher,検索,검색,تلاش,Cari,खोज,Поиск,Ara,搜索结果分类或空状态文案，需与搜索接口分类和无结果状态一致,
搜索,搜索页/搜索结果页 - 搜索结果,搜索结果,搜尋結果,Search Results,Kết quả tìm kiếm,نتائج البحث,Resultados de búsqueda,Resultados da busca,Résultats de recherche,検索結果,검색 결과,تلاش کے نتائج,Hasil pencarian,खोज परिणाम,Результаты поиска,Arama sonuçları,搜索结果分类或空状态文案，需与搜索接口分类和无结果状态一致,
搜索,搜索结果页-全部 Tab,全部,全部,All,Tất cả,الكل,Todo,Todos,Tout,すべて,전체,سب,Semua,सभी,Все,Tümü,搜索结果分类或空状态文案，需与搜索接口分类和无结果状态一致,
搜索,搜索结果页-直播 Tab,直播,直播,Live,Live,مباشر,En vivo,Ao vivo,En direct,ライブ,라이브,لائیو,Siaran,लाइव,Эфир,Canlı,搜索结果分类或空状态文案，需与搜索接口分类和无结果状态一致,
搜索,搜索结果页-用户 Tab,用户,用戶,Users,Người dùng,المستخدمون,Usuarios,Usuários,Utilisateurs,ユーザー,사용자,صارفین,Pengguna,उपयोगकर्ता,Пользователи,Kullanıcılar,搜索结果分类或空状态文案，需与搜索接口分类和无结果状态一致,
搜索,搜索结果页-行情 Tab,行情,市場,Markets,Thị trường,الأسواق,Mercados,Mercados,Marchés,マーケット,마켓,مارکیٹس,Pasar,मार्केट्स,Рынки,Piyasalar,搜索结果分类或空状态文案，需与搜索接口分类和无结果状态一致,
搜索,搜索结果页-广场 Tab,广场,廣場,Square,Quảng trường,المربع,Plaza,Feed,Place,スクエア,스퀘어,اسکوائر,Feed,स्क्वायर,Лента,Akış,搜索结果分类或空状态文案，需与搜索接口分类和无结果状态一致,
搜索,搜索页/搜索结果页 - 无搜索结果,无搜索结果,無搜尋結果,No search result,Không có kết quả tìm kiếm,لا توجد نتائج,Sin resultados de búsqueda,Nenhum resultado de busca,Aucun résultat de recherche,検索結果がありません,검색 결과 없음,کوئی تلاش نتیجہ نہیں,Tidak ada hasil pencarian,कोई खोज परिणाम नहीं,Ничего не найдено,Arama sonucu yok,搜索结果分类或空状态文案，需与搜索接口分类和无结果状态一致,
搜索,搜索页/搜索结果页 - 用户,用户,用戶,Users,Người dùng,المستخدمون,Usuarios,Usuários,Utilisateurs,ユーザー,사용자,صارفین,Pengguna,उपयोगकर्ता,Пользователи,Kullanıcılar,搜索结果分类或空状态文案，需与搜索接口分类和无结果状态一致,
搜索,搜索页/搜索结果页 - 主播,主播,主播,Streamers,Streamer,المُذيع,serpentina,Flâmula,Banderole,配信者,스트리머,اسٹریمر,pita,स्ट्रीमर,Стример,Yayıncı,搜索结果分类或空状态文案，需与搜索接口分类和无结果状态一致,
搜索,搜索页/搜索结果页 - 直播,直播,直播,Live,Live,مباشر,En vivo,Ao vivo,En direct,ライブ,라이브,لائیو,Siaran,लाइव,Эфир,Canlı,搜索结果分类或空状态文案，需与搜索接口分类和无结果状态一致,
搜索,搜索页/搜索结果页 - 帖子,帖子,貼文,Posts,Bài viết,المنشورات,Publicaciones,Postagens,Publications,投稿,게시물,پوسٹس,Postingan,पोस्ट्स,Посты,Gönderiler,搜索结果分类或空状态文案，需与搜索接口分类和无结果状态一致,
搜索,搜索页/搜索结果页 - 清空,清空,清空,Clear,Xóa,مسح,Limpiar,Limpar,Effacer,クリア,지우기,صاف کریں,Bersihkan,साफ करें,Очистить,Temizle,搜索结果分类或空状态文案，需与搜索接口分类和无结果状态一致,
搜索,搜索页/搜索结果页 - 取消,取消,取消,Cancel,Hủy,إلغاء,Cancelar,Cancelar,Annuler,キャンセル,취소,منسوخ کریں,Batal,रद्द करें,Отмена,İptal,搜索结果分类或空状态文案，需与搜索接口分类和无结果状态一致,
【直播/预约/回放】,,,,,,,,,,,,,,,,,,
直播/预约/回放,直播卡片/直播间状态 - 直播中,直播中,直播中,LIVE,TRỰC TIẾP,مباشر,EN VIVO,AO VIVO,EN DIRECT,ライブ,라이브,لائیو,LANGSUNG,लाइव,ЭФИР,CANLI,直播核心流程文案，需确认预约、关注、发送等按钮状态切换正常,
直播/预约/回放,直播卡片/直播间状态 - 直播回放,直播回放,直播回放,Video Replay,Phát lại video,إعادة تشغيل الفيديو,Repetición del video,Replay de Vídeo,Replay vidéo,アーカイブ再生,동영상 다시보기,ویڈیو ری پلے,Putar Ulang Video,वीडियो रीप्ले,Повтор эфира,Video Tekrarı,直播核心流程文案，需确认预约、关注、发送等按钮状态切换正常,
直播/预约/回放,直播卡片/直播间状态 - 数值 人观看,{{count}} 人观看,{{count}} 人觀看,{{count}} viewers,{{count}} người xem,{{count}} مشاهد,{{count}} espectadores,{{count}} espectadores,{{count}} spectateurs,{{count}}人が視聴中,{{count}} 시청자,{{count}} ناظرین,{{count}} penonton,{{count}} दर्शक,{{count}} зрителей,{{count}} izleyici,含动态变量，翻译时必须保留 {{}} 内占位符，前后语序可按语言调整,
直播/预约/回放,直播卡片/直播间状态 - 数值 人预约,{{count}} 人预约,{{count}} 人預約,{{count}} reserved,{{count}} đã đặt trước,{{count}} محجوز,{{count}} reservados,{{count}} reservados,{{count}} réservés,{{count}}人が予約済み,{{count}} 예약됨,{{count}} ریزرو,{{count}} dipesan,{{count}} आरक्षित,{{count}} в ожидании,{{count}} planlandı,含动态变量，翻译时必须保留 {{}} 内占位符，前后语序可按语言调整,
直播/预约/回放,直播间/预约直播流程 - 预约,预约,預約,Reserve,Đặt trước,حجز,Reservar,Reservar,Réserver,予約する,예약,ریزرو کریں,Reservasi,आरक्षित करें,Забронировать,Rezervasyon,直播核心流程文案，需确认预约、关注、发送等按钮状态切换正常,
直播/预约/回放,直播间/预约直播流程 - 已预约,已预约,已預約,Reserved,Đã đặt,محجوز,Reservado,Reservado,Réservé,予約済み,예약됨,ریزرو شدہ,Sudah Reservasi,आरक्षित,Забронировано,Rezerve Edildi,直播核心流程文案，需确认预约、关注、发送等按钮状态切换正常,
直播/预约/回放,直播间/预约直播流程 - 取消预约？,取消预约？,取消預約？,Cancel reservation?,Hủy đặt lịch?,إلغاء الحجز؟,¿Cancelar reserva?,Cancelar reserva?,Annuler la réservation ?,予約をキャンセルしますか？,예약을 취소할까요?,بکنگ منسوخ کریں؟,Batalkan reservasi?,बुकिंग रद्द करें?,Отменить бронирование?,Rezervasyon iptal edilsin mi?,直播核心流程文案，需确认预约、关注、发送等按钮状态切换正常,
直播/预约/回放,直播间/预约直播流程 - 进入直播,进入直播,進入直播,Enter Live,Vào live,ادخل إلى البث,Entrar al en vivo,Entrar na Live,Entrer dans le live,ライブに入る,라이브로 이동,لائیو میں داخل ہوں,Masuk Live,लाइव में प्रवेश करें,Войти в эфир,Canlıya Gir,直播核心流程文案，需确认预约、关注、发送等按钮状态切换正常,
直播/预约/回放,直播间/预约直播流程 - 数值 开始,{{time}} 开始,{{time}} 開始,Started at {{time}},Bắt đầu lúc {{time}},بدأ في {{time}},Iniciado a las {{time}},Iniciado em {{time}},Démarré à {{time}},{{time}}に開始,{{time}}에 시작,{{time}} پر شروع ہوا,Dimulai pada {{time}},{{time}} पर शुरू हुआ,Началось в {{time}},{{time}} tarihinde başladı,含动态变量，翻译时必须保留 {{}} 内占位符，前后语序可按语言调整,
直播/预约/回放,直播间/预约直播流程 - 分享,分享,分享,Share,Chia sẻ,مشاركة,Compartir,Compartilhar,Partager,シェア,공유,شیئر کریں,Bagikan,साझा करें,Поделиться,Paylaş,直播核心流程文案，需确认预约、关注、发送等按钮状态切换正常,
直播/预约/回放,直播间/预约直播流程 - 举报,举报,檢舉,Report,Báo cáo,إبلاغ,Reportar,Denunciar,Signaler,通報,신고,رپورٹ کریں,Laporkan,रिपोर्ट,Пожаловаться,Şikayet Et,直播核心流程文案，需确认预约、关注、发送等按钮状态切换正常,
直播/预约/回放,直播间/预约直播流程 - 关注,关注,關注,Follow,Theo dõi,متابعة,Seguir,Seguir,Suivre,フォロー,팔로우,فالو کریں,Ikuti,फॉलो करें,Подписаться,Takip Et,直播核心流程文案，需确认预约、关注、发送等按钮状态切换正常,
直播/预约/回放,直播间/预约直播流程 - 说点什么,说点什么...,說點什麼...,Say something...,Nói gì đó...,أرسل تعليقًا,Enviar comentario,Enviar comentario,Envoyer un commentaire,コメントを送信,댓글 보내기,تبصرہ بھیجیں,Kirim komentar,टिप्पणी भेजें,Отправить комментарий,Yorum gonder,直播核心流程文案，需确认预约、关注、发送等按钮状态切换正常,
直播/预约/回放,直播间/预约直播流程 - 发送,发送,發送,Send,Gửi,إرسال,Enviar,Enviar,Envoyer,送信,보내기,بھیجیں,Kirim,भेजें,Отправить,Gönder,直播核心流程文案，需确认预约、关注、发送等按钮状态切换正常,
直播/预约/回放,直播间/预约直播流程 - 加载历史消息中,加载历史消息中...,載入歷史訊息中...,Loading history messages...,Đang tải tin nhắn lịch sử...,جارٍ تحميل رسائل السجل...,Cargando mensajes del historial...,Carregando mensagens antigas...,Chargement de l'historique des messages...,履歴メッセージ読み込み中...,과거 메시지 로딩 중...,تاریخی پیغامات لوڈ ہو رہے ہیں...,Memuat riwayat pesan...,इतिहासिक संदेश लोड हो रहे हैं...,Загрузка истории сообщений...,Geçmiş mesajlar yükleniyor...,直播核心流程文案，需确认预约、关注、发送等按钮状态切换正常,
直播/预约/回放,直播间/预约直播流程 - 暂无历史消息,暂无历史消息,暫無歷史訊息,No history messages,Không có tin nhắn lịch sử,لا توجد رسائل في السجل,Sin mensajes del historial,Sem mensagens antigas,Aucun message d'historique,履歴メッセージがありません,과거 메시지 없음,کوئی تاریخی پیغامات نہیں,Tidak ada riwayat pesan,कोई इतिहासिक संदेश नहीं,Нет истории сообщений,Geçmiş mesaj yok,直播核心流程文案，需确认预约、关注、发送等按钮状态切换正常,
直播/预约/回放,直播间/预约直播流程 - 福袋,福袋,福袋,Lucky Bag,Túi may mắn,حقيبة الحظ,Bolsa de la suerte,Bolsa da sorte,Sac chanceux,ラッキーバッグ,럭키백,لکی بیگ,Tas Keberuntungan,लकी बैग,Лаки-бег,Şans çantası,直播核心流程文案，需确认预约、关注、发送等按钮状态切换正常,
直播/预约/回放,直播间/预约直播流程 - 竞猜,竞猜,競猜,Prediction,Dự đoán,توقع,Predicción,Previsão,Prédiction,予測,예측,پیش گوئی,Prediksi,भविष्यवाणी,Прогноз,Tahmin,直播核心流程文案，需确认预约、关注、发送等按钮状态切换正常,
直播/预约/回放,直播间/预约直播流程 - 知道了,知道了,知道了,Got it,Đã hiểu,حسناً,Entendido,Entendi,Compris,OK,확인,سمجھ گیا,Mengerti,समझ गया,Понятно,Anladım,直播核心流程文案，需确认预约、关注、发送等按钮状态切换正常,
【聊天/群聊】,,,,,,,,,,,,,,,,,,
聊天/群聊,聊天/群聊页面 - 聊天,聊天,聊天,Chat,Trò chuyện,الدردشة,Charla,Bate-papo,Discussion,チャット,채팅,چیٹ,Obrolan,चैट,Чат,Sohbet,聊天/群聊相关文案，需关注长文本在列表、输入框、弹窗中的显示,
聊天/群聊,聊天/群聊页面 - 聊天,聊天,聊天,Chats,Trò chuyện,الدردشات,Grupos no leídos,Grupos não lidos,Groupes non lus,チャット,채팅,چیٹس,Obrolan,चैट्स,Чаты,Sohbetler,聊天/群聊相关文案，需关注长文本在列表、输入框、弹窗中的显示,
聊天/群聊,聊天/群聊页面 - 粉丝群,粉丝群,粉絲群,Fan Groups,Nhóm fan,مجموعات المعجبين,Grupos de fans,Grupos de Fãs,Groupes de fans,ファングループ,팬 그룹,فین گروپس,Grup Penggemar,फैन समूह,Фан-группы,Hayran Grupları,聊天/群聊相关文案，需关注长文本在列表、输入框、弹窗中的显示,
聊天/群聊,聊天/群聊页面 - 创建群组,创建群组,創建群組,Create Group,Tạo nhóm,إنشاء مجموعة,Crear grupo,Criar grupo,Créer un groupe,グループを作成,그룹 만들기,گروپ بنائیں,Buat Grup,समूह बनाएं,Создать группу,Grup oluştur,聊天/群聊相关文案，需关注长文本在列表、输入框、弹窗中的显示,
聊天/群聊,聊天/群聊页面 - 群名称,群名称,群組名稱,Group Name,Tên nhóm,اسم المجموعة,Nombre del grupo,Nome do grupo,Nom du groupe,グループ名,그룹 이름,گروپ کا نام,Nama grup,ग्रुप नाम,Название группы,Grup adı,聊天/群聊相关文案，需关注长文本在列表、输入框、弹窗中的显示,
聊天/群聊,聊天/群聊页面 - 群简介,群简介,群組簡介,Group Description,Mô tả nhóm,وصف المجموعة,Descripción del grupo,Descrição do grupo,Description du groupe,グループ説明,그룹 설명,گروپ کی تفصیل,Deskripsi grup,समूह विवरण,Описание группы,Grup açıklaması,聊天/群聊相关文案，需关注长文本在列表、输入框、弹窗中的显示,
聊天/群聊,聊天/群聊页面 - 加入群聊,加入群聊,加入群聊,Join Group,Tham gia nhóm,الانضمام إلى المجموعة,Unirse al grupo,Entrar no grupo,Rejoindre le groupe,グループに参加,그룹 참여,گروپ میں شامل ہوں,Bergabung ke grup,समूह में शामिल हों,Присоединиться к группе,Gruba katıl,聊天/群聊相关文案，需关注长文本在列表、输入框、弹窗中的显示,
聊天/群聊,聊天/群聊页面 - 退出群聊,退出群聊,退出群聊,Leave Group,Rời nhóm,مغادرة المجموعة,Salir del grupo,Sair do Grupo,Quitter le groupe,グループを退出,그룹 나가기,گروپ چھوڑیں,Keluar Grup,समूह छोड़ें,Покинуть группу,Gruptan Ayrıl,聊天/群聊相关文案，需关注长文本在列表、输入框、弹窗中的显示,
聊天/群聊,聊天/群聊页面 - 搜索聊天记录,搜索聊天记录,搜尋聊天記錄,Search Chat History,Tìm lịch sử trò chuyện,البحث في سجل الدردشة,Buscar historial de chat,Histórico de bate-papo de pesquisa,Rechercher dans l'historique des discussions,チャット履歴の検索,채팅 기록 검색,چیٹ کی سرگزشت تلاش کریں۔,Cari Riwayat Obrolan,चैट इतिहास खोजें,Поиск в истории чата,Sohbet Geçmişinde Ara,聊天/群聊相关文案，需关注长文本在列表、输入框、弹窗中的显示,
聊天/群聊,聊天/群聊页面 - 搜索媒体,搜索媒体,搜尋媒體,Search Media,Tìm phương tiện,البحث في الوسائط,Buscar medios,Pesquisar mídia,Rechercher des médias,メディアを検索,미디어 검색,میڈیا تلاش کریں,Cari media,मीडिया खोजें,Поиск медиа,Medya ara,聊天/群聊相关文案，需关注长文本在列表、输入框、弹窗中的显示,
聊天/群聊,聊天/群聊页面 - 输入消息内容,输入消息内容,輸入訊息內容,Enter message content,Nhập nội dung tin nhắn,أدخل محتوى الرسالة,Introduce el contenido del mensaje,Digite o conteúdo da mensagem,Entrez le contenu du message,メッセージ内容を入力,메시지 내용을 입력해주세요,پیغام کا مواد درج کریں,Masukkan isi pesan,संदेश सामग्री दर्ज करें,Введите текст сообщения,Mesaj içeriğini girin,聊天/群聊相关文案，需关注长文本在列表、输入框、弹窗中的显示,
聊天/群聊,聊天/群聊页面 - 发送消息,发送消息,發送訊息,Send Message,Gửi tin nhắn,إرسال رسالة,Enviar mensaje,Enviar Mensagem,Envoyer le message,送信,메시지 보내기,پیغام بھیجیں,Kirim Pesan,संदेश भेजें,Отправить сообщение,Mesaj Gönder,聊天/群聊相关文案，需关注长文本在列表、输入框、弹窗中的显示,
聊天/群聊,聊天/群聊页面 - 暂无消息,暂无消息,暫無訊息,No messages,Không có tin nhắn,لا توجد رسائل,Sin mensajes,Sem mensagens,Aucun message,メッセージがありません,메시지가 없습니다,کوئی پیغام نہیں,Tidak ada pesan,कोई संदेश नहीं,Сообщений нет,Mesaj yok,聊天/群聊相关文案，需关注长文本在列表、输入框、弹窗中的显示,
聊天/群聊,聊天/群聊页面 - 置顶消息,置顶消息,置頂訊息,Pinned Messages,Tin nhắn ghim,الرسائل المثبتة,Mensajes fijados,Mensagens Fixadas,Messages épinglés,ピン留めメッセージ,고정 메시지,پن کیے گئے پیغامات,Pesan Disematkan,पिन किए गए संदेश,Закреплённые сообщения,Sabitlenmiş Mesajlar,聊天/群聊相关文案，需关注长文本在列表、输入框、弹窗中的显示,
聊天/群聊,聊天/群聊页面 - 移除,移除,移除,Remove,Xóa,إزالة,Eliminar,Remover,Supprimer,削除,삭제,حذف کریں,Hapus,हटाएं,Удалить,Kaldır,聊天/群聊相关文案，需关注长文本在列表、输入框、弹窗中的显示,
【行情/市场】,,,,,,,,,,,,,,,,,,
行情/市场,行情页列表区域 - 前 10,前 10,前 10,Top 10,Top 10,أعلى 10,10 mejores,10 principais,Top 10,トップ 10,상위 10,ٹاپ 10,10 teratas,शीर्ष 10,Топ 10,Ilk 10,行情数据区域文案，需保留币种、数值、排行和涨跌展示规则,
行情/市场,行情页列表区域 - 前 50,前 50,前 50,Top 50,Top 50,أعلى 50,50 mejores,50 melhores,Top 50,トップ 50,상위 50,ٹاپ 50,50 teratas,शीर्ष 50,Топ 50,Ilk 50,行情数据区域文案，需保留币种、数值、排行和涨跌展示规则,
行情/市场,行情页列表区域 - 前 100,前 100,前 100,Top 100,Top 100,أعلى 100,100 mejores,100 melhores,Top 100,トップ 100,상위 100,ٹاپ 100,100 teratas,शीर्ष 100,Топ 100,Ilk 100,行情数据区域文案，需保留币种、数值、排行和涨跌展示规则,
行情/市场,行情页列表区域 - 全部币种,全部币种,全部幣種,All Coins,Tất cả coin,جميع العملات,Todas las monedas,Todas as moedas,Toutes les monnaies,全てのコイン,전체 코인,تمام کوائنز,Semua Koin,सभी कॉइन,Все монеты,Tum Coinler,行情数据区域文案，需保留币种、数值、排行和涨跌展示规则,
行情/市场,行情页-加密货币 Tab,加密货币,加密貨幣,Cryptocurrency,Tiền mã hóa,العملة المشفرة,Criptomoneda,Criptomoeda,Crypto-monnaie,暗号通貨,암호화폐,کریپٹو کرنسی,mata uang kripto,क्रिप्टोकरेंसी,Криптовалюта,Kripto para birimi,行情数据区域文案，需保留币种、数值、排行和涨跌展示规则,
行情/市场,行情页-交易所 Tab,交易所,交易所,Exchange,Sàn giao dịch,تبادل,Intercambio,Troca,Échange,交換,교환,تبادلہ,Pertukaran,विनिमय,Обмен,Değişim,行情数据区域文案，需保留币种、数值、排行和涨跌展示规则,
行情/市场,行情页列表区域 - 名称,名称,名稱,Name,Tên,الاسم,Nombre,Nome,Nom,名称,이름,نام,Nama,नाम,Название,Ad,行情数据区域文案，需保留币种、数值、排行和涨跌展示规则,
行情/市场,行情页列表区域 - 价格,价格,價格,Price,Giá,السعر,Precio,Preco,Prix,価格,가격,قیمت,Harga,कीमत,Цена,Fiyat,行情数据区域文案，需保留币种、数值、排行和涨跌展示规则,
行情/市场,行情页列表区域 - 排名,排名,排名,Rank,Xếp hạng,الترتيب,Rango,Ranking,Rang,ランキング,순위,درجہ,Peringkat,रैंक,Ранг,Siralama,行情数据区域文案，需保留币种、数值、排行和涨跌展示规则,
行情/市场,行情页列表区域 - 涨跌幅,涨跌幅,漲跌幅,Price Change,Biến động giá,تغير السعر,Cambio de precio,Variacao de preco,Variation de prix,価格変動,가격 변동,قیمت میں تبدیلی,Perubahan Harga,कीमत बदलाव,Изменение цены,Fiyat Degisimi,行情数据区域文案，需保留币种、数值、排行和涨跌展示规则,
行情/市场,行情页列表区域 - 24 小时涨跌,24 小时涨跌,24 小時漲跌,24h Change,Biến động 24h,يوم واحد,1 dia,1 dia,1 jour,1日,1일,1 دن,1 hari,1 दिन,1 день,1 gun,行情数据区域文案，需保留币种、数值、排行和涨跌展示规则,
行情/市场,行情页列表区域 - 24h 成交量,24h 成交量,24h 成交量,24h Volume,Khối lượng 24h,الحجم (24س),Volumen (24h),Volume em 24 h,Volume sur 24 h,出来高 (24h),거래량 (24h),والیوم (24h),Volume (24j),वॉल्यूम (24h),Объем (24ч),Hacim (24s),行情数据区域文案，需保留币种、数值、排行和涨跌展示规则,
行情/市场,行情页列表区域 - 总市值,总市值,總市值,Market Cap,Vốn hóa thị trường,القيمة السوقية,Capitalizacion de mercado,Capitalizacao de mercado,Capitalisation boursiere,時価総額,시가총액,مارکیٹ کیپ,Kapitalisasi Pasar,मार्केट कैप,Рыночная капитализация,Piyasa Degeri,行情数据区域文案，需保留币种、数值、排行和涨跌展示规则,
行情/市场,行情页-自选筛选按钮,自选,自選,Favorites,Yêu thích,المفضلة,Favoritos,Favoritos,Favoris,お気に入り,즐겨찾기,پسندیدہ,Favorit,पसंदीदा,Избранное,Favoriler,行情数据区域文案，需保留币种、数值、排行和涨跌展示规则,
行情/市场,行情页-市值筛选按钮,市值,市值,Market Cap,Vốn hóa,القيمة السوقية,Capitalizacion de mercado,Capitalizacao de mercado,Capitalisation boursiere,時価総額,시가총액,مارکیٹ کیپ,Kapitalisasi Pasar,मार्केट कैप,Рыночная капитализация,Piyasa Degeri,行情数据区域文案，需保留币种、数值、排行和涨跌展示规则,
行情/市场,行情页分类/筛选标签 - 涨幅榜,涨幅榜,漲幅榜,Top Gainers,Tăng nhiều nhất,أعلى الرابحين,Principales ganadores,Principais ganhadores,Meilleurs gagnants,トップゲイン者,최고 상승자,ٹاپ گائنرز,Peraih Teratas,टॉप गेनर्स,Лидеры роста,En Çok Kazananlar,行情数据区域文案，需保留币种、数值、排行和涨跌展示规则,
行情/市场,行情页分类/筛选标签 - 跌幅榜,跌幅榜,跌幅榜,Top Losers,Giảm nhiều nhất,أكبر الخاسرين,Principales perdedores,Principais perdedores,Meilleurs perdants,上位敗者,최고 패자,ٹاپ لوزرز,Pecundang Teratas,शीर्ष हारने वाले,Лучшие неудачники,En Çok Kaybedenler,行情数据区域文案，需保留币种、数值、排行和涨跌展示规则,
行情/市场,行情页分类/筛选标签 - 成交榜,成交榜,成交榜,Top Volume,Khối lượng cao,أعلى حجم,Volumen superior,Volume superior,Volume supérieur,トップボリューム,최고 볼륨,ٹاپ والیوم,Volume Atas,शीर्ष वॉल्यूम,Верхний объем,Üst Hacim,行情数据区域文案，需保留币种、数值、排行和涨跌展示规则,
行情/市场,行情页数据看板 - 行情看板,行情看板,市場看板,Market dashboard,Bảng thị trường,لوحة السوق,Panel de mercado,Painel de mercado,Tableau de marché,マーケットダッシュボード,마켓 대시보드,مارکیٹ ڈیش بورڈ,Dasbor pasar,मार्केट डैशबोर्ड,Рыночная панель,Piyasa paneli,行情数据区域文案，需保留币种、数值、排行和涨跌展示规则,
行情/市场,行情页数据看板 - 恐惧与贪婪指数,恐惧与贪婪指数,恐慌與貪婪指數,Fear & Greed Index,Chỉ số Sợ hãi & Tham lam,مؤشر الخوف والطمع,Índice de miedo y codicia,Índice de medo e ganância,Indice Fear & Greed,恐怖・強欲指数,공포·탐욕 지수,خوف اور لالچ کا اشاریہ,Indeks ketakutan dan keserakahan,भय और लालच सूचकांक,Индекс страха и жадности,Korku ve açgözlülük endeksi,行情数据区域文案，需保留币种、数值、排行和涨跌展示规则,
行情/市场,行情页数据看板 - BTC 价格,BTC 价格,BTC 價格,BTC price,Giá BTC,سعر BTC,Precio BTC,Preco BTC,Prix du BTC,BTC 価格,BTC 가격,BTC قیمت,Harga BTC,BTC मूल्य,Цена BTC,BTC fiyatı,行情数据区域文案，需保留币种、数值、排行和涨跌展示规则,
行情/市场,行情页数据看板 - ETH 价格,ETH 价格,ETH 價格,ETH price,Giá ETH,سعر ETH,Precio ETH,Preco ETH,Prix de l'ETH,ETH 価格,ETH 가격,ETH قیمت,Harga ETH,ETH मूल्य,Цена ETH,ETH fiyatı,行情数据区域文案，需保留币种、数值、排行和涨跌展示规则,
行情/市场,行情页数据看板 - 全球市值,全球市值,全球市值,Global cap,Vốn hóa toàn cầu,القيمة السوقية العالمية,Capitalización global,Capitalização global,Capitalisation globale,時価総額（全体）,글로벌 시가총액,عالمی مارکیٹ کیپ,Kap pasar global,वैश्विक कैप,Глобальная капитализация,Global piyasa değeri,行情数据区域文案，需保留币种、数值、排行和涨跌展示规则,
【广场/资讯/帖子】,,,,,,,,,,,,,,,,,,
广场/资讯/帖子,广场/资讯页面 - 广场,广场,廣場,Square,Quảng trường,المربع,Plaza,Feed,Place,スクエア,스퀘어,اسکوائر,Feed,स्क्वायर,Лента,Akış,广场/资讯/帖子互动文案，需与点赞、评论、分享、举报状态同步,
广场/资讯/帖子,广场页-快讯 Tab,快讯,快訊,News Flash,Tin nhanh,أخبار عاجلة,Última Hora,Últimas Notícias,Flash Info,速報,속보,فوری خبریں,Berita Kilat,ताज़ा समाचार,Срочные новости,Son Dakika,广场/资讯/帖子互动文案，需与点赞、评论、分享、举报状态同步,
广场/资讯/帖子,广场页-资讯 Tab,资讯,資訊,Information,Thông tin,معلومات,Información,Informações,Informations,情報,정보,معلومات,Informasi,जानकारी,Информация,Bilgi,广场/资讯/帖子互动文案，需与点赞、评论、分享、举报状态同步,
广场/资讯/帖子,广场页/页脚-反馈按钮,反馈,回饋,Feedback,Phản hồi,ملاحظات,Comentarios,Comentários,Commentaires,フィードバック,피드백,رائے,Umpan balik,फ़ीडबैक,Обратная связь,Geri bildirim,广场/资讯/帖子互动文案，需与点赞、评论、分享、举报状态同步,
广场/资讯/帖子,广场/资讯页面 - 更多,更多,更多,More,Xem thêm,المزيد,Más,Mais,Plus,もっと見る,더 보기,مزید,Lainnya,और,Ещё,Daha Fazla,广场/资讯/帖子互动文案，需与点赞、评论、分享、举报状态同步,
广场/资讯/帖子,广场/资讯页面 - 发布,发布,發布,Post,Đăng,نشر,Publicar,Publicar,Publier,投稿,게시,پوسٹ کریں,Posting,पोस्ट,Опубликовать,Yayınla,广场/资讯/帖子互动文案，需与点赞、评论、分享、举报状态同步,
广场/资讯/帖子,广场/资讯页面 - 动态,动态,動態,Moments,Khoảnh khắc,لحظات,Momentos,Momentos,Instants,モーメンツ,모멘트,لمحات,Momen,मोमेंट्स,Моменты,Anlar,广场/资讯/帖子互动文案，需与点赞、评论、分享、举报状态同步,
广场/资讯/帖子,广场/资讯页面 - 深度文章,深度文章,深度文章,Deep Dive,Bài chuyên sâu,تحليل عميق,Análisis Profundo,Análise Profunda,Analyse approfondie,深掘り記事,심층 분석,گہرائی سے تجزیہ,Analisis Mendalam,गहन विश्लेषण,Глубокий анализ,Derin İnceleme,广场/资讯/帖子互动文案，需与点赞、评论、分享、举报状态同步,
广场/资讯/帖子,广场/资讯页面 - 点赞,点赞,點讚,Like,Thích,مثل,Me gusta,Gosto,Comme,いいね,좋아요,پسند,Suka,जैसे,Нравится,Beğen,广场/资讯/帖子互动文案，需与点赞、评论、分享、举报状态同步,
广场/资讯/帖子,广场/资讯页面 - 评论,评论,評論,Comment,Bình luận,التعليقات,Comentarios,Comentários,Commentaires,コメント,댓글,تبصرے,Komentar,टिप्पणियां,Комментарии,Yorumlar,广场/资讯/帖子互动文案，需与点赞、评论、分享、举报状态同步,
广场/资讯/帖子,广场/资讯页面 - 分享,分享,分享,Share,Chia sẻ,مشاركة,Compartir,Compartilhar,Partager,共有,공유,شیئر کریں,Bagikan,शेयर करें,Поделиться,Paylaş,广场/资讯/帖子互动文案，需与点赞、评论、分享、举报状态同步,
广场/资讯/帖子,广场/资讯页面 - 收藏,收藏,收藏,Favorite,Yêu thích,المفضلة,Favoritos,Favoritos,Favoris,お気に入り,즐겨찾기,پسندیدہ,Favorit,पसंदीदा,Избранное,Favoriler,广场/资讯/帖子互动文案，需与点赞、评论、分享、举报状态同步,
广场/资讯/帖子,广场/资讯页面 - 举报,举报,檢舉,Report,Báo cáo,إبلاغ,Reportar,Denunciar,Signaler,通報,신고,رپورٹ کریں,Laporkan,रिपोर्ट,Пожаловаться,Şikayet Et,广场/资讯/帖子互动文案，需与点赞、评论、分享、举报状态同步,
广场/资讯/帖子,帖子发布/帖子管理 - 删除这条帖子？,删除这条帖子？,刪除此貼文？,Delete this post?,Xóa bài viết này?,هل تريد حذف هذا المنشور؟,¿Eliminar esta publicación?,Excluir esta publicação?,Supprimer cette publication ?,この投稿を削除しますか？,이 게시물을 삭제하시겠습니까?,کیا یہ پوسٹ حذف کرنی ہے؟,Hapus postingan ini?,क्या इस पोस्ट को हटाना है?,Удалить этот пост?,Bu gönderi silinsin mi?,广场/资讯/帖子互动文案，需与点赞、评论、分享、举报状态同步,
广场/资讯/帖子,帖子发布/帖子管理 - 所有人可见,所有人可见,所有人可見,Visible to All,Mọi người,للجميع,Todos,Todos,Tous,全員公開,전체 공개,سب کے لیے,Semua,सभी के लिए,Всем,Herkese,广场/资讯/帖子互动文案，需与点赞、评论、分享、举报状态同步,
广场/资讯/帖子,帖子发布/帖子管理 - 仅粉丝可见,仅粉丝可见,僅粉絲可見,Followers Only,Chỉ người theo dõi,للمتابعين فقط,Solo seguidores,Somente seguidores,Abonnés uniquement,フォロワーのみ,팔로워만,صرف فالوورز,Hanya pengikut,केवल फॉलोअर्स,Только подписчикам,Sadece takipçiler,广场/资讯/帖子互动文案，需与点赞、评论、分享、举报状态同步,
广场/资讯/帖子,广场页 Tab - 热门,热门,熱門,Hot,Nổi bật,شائع,Popular,Em alta,Tendances,人気,인기,مقبول,Populer,लोकप्रिय,Популярные,Popüler,v1.3.1 广场页顶部 Tab,
广场/资讯/帖子,广场页 Tab - 最新,最新,最新,Latest,Mới nhất,الأحدث,Reciente,Recentes,Récent,最新,최신,تازہ,Terbaru,नवीनतम,Новые,En yeni,v1.3.1 广场页顶部 Tab,
广场/资讯/帖子,广场页 Tab - 关注,关注,關注,Following,Theo dõi,متابعة,Siguiendo,Seguindo,Suivis,フォロー,팔로잉,فالو,Mengikuti,फ़ॉलो,Подписки,Takip,v1.3.1 广场页顶部 Tab；关注的人动态,
广场/资讯/帖子,广场页 Tab - 快讯,快讯,快訊,News Flash,Tin nhanh,عاجلة,Flash,Flash,Flash,速報,속보,فوری خبر,Berita Kilat,ताज़ा खबर,Срочно,Son Dakika,v1.3.1 广场页顶部 Tab,
广场/资讯/帖子,广场页 Tab - KOL观点,KOL观点,KOL觀點,KOL Views,KOL,آراء KOL,KOL,KOL,Avis KOL,KOL見解,KOL,KOL,KOL,KOL,KOL,KOL,v1.3.1 广场页顶部 Tab,
广场/资讯/帖子,广场页 Tab - 学院,学院,學院,Academy,Học viện,أكاديمية,Academia,Academia,Académie,アカデミー,아카데미,اکیڈمی,Akademi,अकादमी,Академия,Akademi,v1.3.1 广场页顶部 Tab,
广场/资讯/帖子,广场页 Tab - 深度文章,深度文章,深度文章,Deep Dive,Chuyên sâu,عمق,Profundo,Profundo,Profond,深掘り,심층,گہرا,Mendalam,गहन,Анализ,Derin,v1.3.1 广场页顶部 Tab,
广场/资讯/帖子,广场页 Tab - 排行榜,排行榜,排行榜,Rankings,Xếp hạng,تصنيف,Ranking,Ranking,Classement,ランキング,랭킹,درجہ,Peringkat,रैंकिंग,Рейтинг,Sıralama,v1.3.1 广场页顶部 Tab,
广场/资讯/帖子,广场发帖 - 关联币种,关联币种,關聯幣種,Linked Currencies,Tiền mã liên kết,عملات مرتبطة,Monedas,Moedas,Monnaies,関連通貨,연관 코인,منسلک کرنسی,Koin terkait,लिंक मुद्रा,Связ. монеты,Bağlı coin,v1.3.1 广场发帖底栏入口,
广场/资讯/帖子,广场发帖 - 选择话题,选择话题,選擇話題,Select Topics,Chọn chủ đề,اختر مواضيع,Temas,Tópicos,Sujets,話題選択,토픽 선택,موضوعات,Pilih topik,विषय चुनें,Темы,Konu seç,v1.3.1 广场发帖底栏入口,
广场/资讯/帖子,广场侧栏/弹窗 - 热门话题,热门话题,熱門話題,Trending Topics,Chủ đề hot,مواضيع رائجة,Tendencias,Em alta,Tendances,人気話題,인기 토픽,مقبول موضوعات,Topik hot,लोकप्रिय विषय,Популярные,Popüler konu,v1.3.1 热门话题模块,
广场/资讯/帖子,广场发帖/话题弹窗 - 话题数量上限提示,官方话题与自定义标签合计最多 5 个。,官方話題與自訂標籤合計最多 5 個。,A maximum of 5 official topics and custom tags in total.,Tối đa 5 chủ đề và thẻ.,بحد أقصى 5 مواضيع ووسوم.,Máx. 5 temas y etiquetas.,Máx. 5 tópicos e tags.,Max. 5 sujets et tags.,公式話題とタグは合計5件まで。,공식 토픽·태그 합계 최대 5개.,کل میں 5 موضوعات و ٹیگز۔,Maks. 5 topik dan tag.,कुल 5 विषय और टैग।,Макс. 5 тем и тегов.,En fazla 5 konu ve etiket.,官方话题与自定义标签合计最多 5 个,
广场/资讯/帖子,广场发帖/话题弹窗 - 添加标签,添加标签,新增標籤,Add Tags,Thêm thẻ,إضافة وسوم,Añadir tags,Adicionar tags,Ajouter tags,タグ追加,태그 추가,ٹیگز شامل,Tambah tag,टैग जोड़ें,Добавить теги,Etiket ekle,自定义标签入口,
广场/资讯/帖子,广场发帖/话题弹窗 - 自定义标签说明,自定义标签需通过敏感内容审核后方可用于发帖；不会加入后台话题库，仅保存在您的账号数据中。,自訂標籤須通過敏感內容審核後方可發文；不會加入後台話題庫，僅保存在您的帳號資料中。,Custom tags are subject to sensitive content review before they can be used for posting. They will not be added to the backend topic library and will only be stored in your account data.,Thẻ tùy chỉnh cần duyệt trước khi đăng; không vào thư viện chủ đề.,الوسوم المخصصة تخضع للمراجعة قبل النشر؛ لا تُضاف لمكتبة المواضيع.,Etiquetas personalizadas: revisión antes de publicar; no van al catálogo.,Tags personalizadas: revisão antes de postar; não vão à biblioteca.,Tags perso : revue avant publication ; hors bibliothèque.,カスタムタグは審査後に投稿可。話題ライブラリには追加されません。,사용자 태그는 심사 후 게시 가능. 토픽 라이브러리에 추가되지 않습니다.,حسبِ ضرورت ٹیگز: جانچ کے بعد پوسٹ؛ لائبریری میں نہیں۔,Tag kustom: tinjau sebelum posting; tidak masuk perpustakaan.,कस्टम टैग: पोस्ट前 समीक्षा; लाइब्रेरी में नहीं।,Свои теги: проверка перед постом; не в библиотеку.,Özel etiketler: inceleme sonrası; kütüphaneye eklenmez.,敏感审核说明，不入后台话题库,
广场/资讯/帖子,广场发帖/话题弹窗 - 我的自定义标签,我的自定义标签,我的自訂標籤,My Custom Tags,Thẻ của tôi,وسومي,Mis tags,Minhas tags,Mes tags,マイタグ,내 태그,میرے ٹیگز,Tag saya,मेरे टैग,Мои теги,Etiketlerim,话题选择弹窗分区标题,
广场/资讯/帖子,广场发帖/话题弹窗 - 官方话题,官方话题,官方話題,Official Topics,Chủ đề chính thức,مواضيع رسمية,Temas oficiales,Tópicos oficiais,Sujets officiels,公式話題,공식 토픽,سرکاری موضوعات,Topik resmi,आधिकारिक विषय,Официальные темы,Resmi konular,话题选择弹窗分区标题,
广场/资讯/帖子,广场发帖/话题弹窗 - 已选,已选,已選,Selected,Đã chọn,محدد,Seleccionado,Selecionado,Sélectionné,選択済み,선택됨,منتخب,Dipilih,चयनित,Выбрано,Seçildi,话题/标签已选状态,
广场/资讯/帖子,广场发帖/评论 - 说说你的想法,说说你的想法,分享你的想法,Share your thoughts,Chia sẻ suy nghĩ,شارك أفكارك,Comparte ideas,Compartilhe ideias,Partagez idées,考えを共有,의견 공유,خیالات شیئر کریں,Bagikan pemikiran,विचार साझा करें,Поделитесь,Paylaşın,评论/发帖输入框占位,
广场/资讯/帖子,广场 KOL 观点 Tab - 不参与热门排序提示,KOL观点来自X，不参与热门排序。,KOL觀點來自X，不參與熱門排序。,KOL views are synced from X (Twitter) and excluded from the plaza trending ranking.,KOL từ X không vào xếp hạng hot.,آراء KOL من X، لا تدخل ترتيب الساحة.,KOL desde X; sin ranking de plaza.,KOL do X; fora do ranking da praça.,KOL depuis X; hors classement.,KOLはX同期。広場の人気順位外。,KOL은 X 동기화. 광장 인기 순위 제외.,KOL X سے؛ چوک رینکنگ میں نہیں۔,KOL dari X; tidak masuk peringkat plaza.,KOL X से; प्लाज़ा रैंकिंग में नहीं।,KOL из X; вне ранжирования площади.,KOL X'ten; meydan sıralaması dışı.,KOL 观点 Tab 弱提示,
广场/资讯/帖子,广场 KOL 帖子详情 - X 来源且不可评论,数据来源于 X（@{{username}}），不可评论。,資料來源為 X（@{{username}}），不可評論。,Data sourced from X (@{{username}}). Comments are disabled.,Nguồn X (@{{username}}). Không bình luận.,من X (@{{username}}). التعليقات معطلة.,De X (@{{username}}). Sin comentarios.,Do X (@{{username}}). Sem comentários.,Source X (@{{username}}). Commentaires désactivés.,X（@{{username}}）由来。コメント不可。,X(@{{username}}) 출처. 댓글 불가.,X (@{{username}}) سے۔ تبصرے بند۔,Dari X (@{{username}}). Komentar dinonaktifkan.,X (@{{username}}) से। टिप्पणी बंद।,Источник X (@{{username}}). Комментарии отключены.,Kaynak X (@{{username}}). Yorum kapalı.,含 @{{username}} 占位符,
广场/资讯/帖子,广场/学院 Tab - 最新帖子,最新帖子,最新貼文,Latest Posts,Bài mới,منشورات حديثة,Recientes,Recentes,Récents,最新投稿,최신글,نئی پوسٹس,Terbaru,नवीन पोस्ट,Новые посты,Yeni gönderiler,v1.3.1 学院 Tab 最新帖子模块标题,
广场/资讯/帖子,广场/学院 Tab - 热门文章（示例：区块链分类）,热门文章 · 区块链,熱門文章 · 區塊鏈,Popular Articles · Blockchain,Hot · Blockchain,شائع · بلوك تشين,Populares · Blockchain,Populares · Blockchain,Populaires · Blockchain,人気 · ブロックチェーン,인기 · 블록체인,مقبول · بلاک چین,Populer · Blockchain,लोकप्रिय · ब्लॉकचेन,Популярные · Блокчейн,Popüler · Blockchain,热门文章 · 分类名；示例：Popular Articles · Blockchain,
广场/资讯/帖子,广场/学院 Tab - 文章分享文案,我发现了一篇宝藏文章,我發現了一篇寶藏文章,I found a gem article,Tìm thấy bài hay,مقال رائع,Artículo genial,Artigo ótimo,Pépite article,宝記事を発見,보석 글 발견,بہترین مضمون,Artikel bagus,शानदार लेख,Отличная статья,Harika makale,学院文章分享默认文案,
广场/资讯/帖子,广场/学院 Tab - 新手指南标签,新手指南,新手指南,Beginner Guide,Hướng dẫn,للمبتدئين,Guía,Guia,Guide,入門,초보 가이드,رہنمائی,Panduan,शुरुआती,Новичкам,Rehber,学院文章卡片/详情标签；英文 Beginner Guide,
广场/资讯/帖子,广场/学院 Tab - 推荐标签,推荐,推薦,Recommended,Đề xuất,موصى به,Recomendado,Recomendado,Recommandé,おすすめ,추천,تجویز,Rekomendasi,अनुशंसित,Рекомендуем,Önerilen,学院平台推荐位标签；英文 Recommended,
广场/资讯/帖子,广场/关注动态 - 分享快讯,分享了一条快讯,分享了一則快訊,Shared a news flash,Đã chia sẻ một tin nhanh,شارك خبرًا عاجلًا,Compartió una noticia flash,Compartilhou um flash de notícias,A partagé une flash info,速報をシェアしました,속보를 공유했습니다,ایک فوری خبر شیئر کی,Membagikan berita kilat,एक ताज़ा खबर साझा की,Поделился(-ась) срочной новостью,Bir son dakika haberini paylaştı,关注 Tab/动态流中用户分享快讯的活动文案,
广场/资讯/帖子,深度文章详情 - 免责声明标题,免责声明,免責聲明,Disclaimer,Tuyên bố miễn trừ,إخلاء مسؤولية,Aviso legal,Aviso legal,Avertissement,免責事項,면책 조항,دستبرداری,Penafian,अस्वीकरण,Отказ от ответственности,Sorumluluk reddi,v1.4 深度文章详情页底部免责声明标题；英文 Disclaimer,
广场/资讯/帖子,深度文章详情 - 免责声明正文,本文仅供教育与信息参考，不构成财务或投资建议。数字资产可能存在风险，请用户务必自行研究。,本文僅供教育與資訊參考，不構成財務或投資建議。數位資產可能存在風險，請用戶務必自行研究。,"This article is for educational and informational purposes only. It should not be considered financial or investment advice. Digital assets may involve risk, so users should always do their own research.","Bài viết này chỉ nhằm mục đích giáo dục và cung cấp thông tin. Không được xem là tư vấn tài chính hoặc đầu tư. Tài sản số có thể gặp rủi ro, người dùng nên tự nghiên cứu.",هذا المقال لأغراض تعليمية وإعلامية فقط. لا يُعتبر نصيحة مالية أو استثمارية. قد تنطوي الأصول الرقمية على مخاطر، لذا يجب على المستخدمين إجراء أبحاثهم الخاصة دائمًا.,"Este artículo es solo con fines educativos e informativos. No debe considerarse asesoramiento financiero o de inversión. Los activos digitales pueden implicar riesgos, por lo que los usuarios deben hacer su propia investigación.","Este artigo é apenas para fins educacionais e informativos. Não deve ser considerado aconselhamento financeiro ou de investimento. Ativos digitais podem envolver risco, portanto os usuários devem sempre fazer sua própria pesquisa.",Cet article est fourni à titre éducatif et informatif uniquement. Il ne doit pas être considéré comme un conseil financier ou d'investissement. Les actifs numériques peuvent comporter des risques ; les utilisateurs doivent toujours faire leurs propres recherches.,本記事は教育および情報提供のみを目的としています。金融または投資のアドバイスとはみなされません。デジタル資産にはリスクが伴う場合があるため、ユーザーは必ず自身で調査してください。,본 글은 교육 및 정보 제공 목적으로만 제공됩니다. 금융 또는 투자 조언으로 간주되어서는 안 됩니다. 디지털 자산에는 위험이 따를 수 있으므로 사용자는 항상 직접 조사해야 합니다.,یہ مضمون صرف تعلیمی اور معلوماتی مقاصد کے لیے ہے۔ اسے مالی یا سرمایہ کاری کا مشورہ نہیں سمجھا جانا چاہیے۔ ڈیجیٹل اثاثوں میں خطرہ ہو سکتا ہے، لہٰذا صارفین کو ہمیشہ اپنی تحقیق کرنی چاہیے۔,"Artikel ini hanya untuk tujuan edukasi dan informasi. Ini tidak boleh dianggap sebagai nasihat keuangan atau investasi. Aset digital dapat melibatkan risiko, jadi pengguna harus selalu melakukan riset sendiri.","यह लेख केवल शैक्षिक और सूचनात्मक उद्देश्यों के लिए है। इसे वित्तीय या निवेश सलाह नहीं माना जाना चाहिए। डिजिटल संपत्तियों में जोखिम हो सकता है, इसलिए उपयोगकर्ताओं को हमेशा अपना शोध करना चाहिए।","Эта статья предназначена только для образовательных и информационных целей. Она не должна рассматриваться как финансовая или инвестиционная рекомендация. Цифровые активы могут нести риск, поэтому пользователям следует всегда проводить собственное исследование.",Bu makale yalnızca eğitim ve bilgilendirme amaçlıdır. Finansal veya yatırım tavsiyesi olarak değerlendirilmemelidir. Dijital varlıklar risk içerebilir; kullanıcılar her zaman kendi araştırmalarını yapmalıdır.,v1.4 深度文章详情页底部免责声明正文,
【我的/个人中心】,,,,,,,,,,,,,,,,,,
我的/个人中心,我的页个人资料区 - 个人资料,个人资料,個人資料,Profile,Hồ sơ,الملف الشخصي,Perfil,Perfil,Profil,プロフィール,프로필,پروفائل,Profil,प्रोफ़ाइल,Профиль,Profil,页面固定系统文案，需纳入 i18n 统一管理并检查多语言显示宽度,
我的/个人中心,我的页个人资料区 - 粉丝,粉丝,粉絲,Followers,Người theo dõi,المتابعون,Seguidores,Seguidores,Abonnés,フォロワー,팔로워,فالوورز,Pengikut,फॉलोअर्स,Подписчики,Takipçiler,页面固定系统文案，需纳入 i18n 统一管理并检查多语言显示宽度,
我的/个人中心,我的页个人资料区 - 关注,关注,關注,Following,Đang theo dõi,جارٍ المتابعة,Siguiendo,Seguindo,Abonnements,フォロー中,팔로잉 중,فالونگ,Mengikuti,फॉलोइंग,Подписки,Takip Edilenler,页面固定系统文案，需纳入 i18n 统一管理并检查多语言显示宽度,
我的/个人中心,我的页个人资料区 - 显示名称,显示名称,顯示名稱,Display Name,Tên hiển thị,اسم العرض,Nombre para mostrar,Nome de Exibição,Nom d'affichage,表示名,표시 이름,ڈسپلے نام,Nama Tampilan,डिस्प्ले नाम,Отображаемое имя,Görünen Ad,页面固定系统文案，需纳入 i18n 统一管理并检查多语言显示宽度,
我的/个人中心,我的页个人资料区 - 简介,简介,簡介,Bio,Tiểu sử,نبذة,Biografía,Biografia,Biographie,自己紹介,소개,بایو,Biodata,बायो,О себе,Biyografi,页面固定系统文案，需纳入 i18n 统一管理并检查多语言显示宽度,
我的/个人中心,我的页个人资料区 - 更换头像,更换头像,更換頭像,Change Avatar,Đổi ảnh đại diện,تغيير الصورة,Cambiar avatar,Alterar Avatar,Changer l'avatar,アバターを変更,아바타 변경,ایواٹر تبدیل کریں,Ubah Avatar,अवतार बदलें,Сменить аватар,Avatarı Değiştir,页面固定系统文案，需纳入 i18n 统一管理并检查多语言显示宽度,
我的/个人中心,我的页快捷操作区 - 成为主播,成为主播,成為主播,Become Creator,Trở thành creator,كن مُنشئاً,Convertirse en creador,Tornar-se Criador,Devenir créateur,クリエイターになる,크리에이터 되기,креیٹر بنیں,Menjadi Kreator,निर्माता बनें,Стать создателем,Yayıncı Ol,页面固定系统文案，需纳入 i18n 统一管理并检查多语言显示宽度,
我的/个人中心,我的页快捷操作区 - 我的钱包,我的钱包,我的錢包,My Wallet,Ví của tôi,محفظتي,Mi cartera,Minha Carteira,Mon portefeuille,マイウォレット,내 지갑,میرا والٹ,Dompet Saya,मेरा वॉलेट,Мой кошелёк,Cüzdanım,页面固定系统文案，需纳入 i18n 统一管理并检查多语言显示宽度,
我的/个人中心,我的页常用功能区 - 浏览记录,浏览记录,瀏覽記錄,Browsing History,Lịch sử duyệt,سجل التصفح,Historial de navegación,Histórico de navegação,Historique de navigation,閲覧履歴,시청 기록,براؤزنگ ہسٹری,Riwayat Penelusuran,ब्राउज़िंग हिस्ट्री,История просмотров,Gezinme Geçmişi,页面固定系统文案，需纳入 i18n 统一管理并检查多语言显示宽度,
我的/个人中心,我的页常用功能区 - 预约直播,预约直播,預約直播,Reserved Streams,Live đã đặt,البثوث المحجوزة,Transmisiones reservadas,Lives Reservadas,Lives réservés,予約配信,예약된 라이브,ریزرو شدہ اسٹریمز,Live Terjadwal,आरक्षित स्ट्रीम,Забронированные эфиры,Planlanmış Yayınlar,页面固定系统文案，需纳入 i18n 统一管理并检查多语言显示宽度,
我的/个人中心,我的页-我的帖子列表 - 我的帖子,我的帖子,我的貼文,My Posts,Bài viết của tôi,مشاركاتي,Mis publicaciones,Minhas postagens,Mes messages,私の投稿,내 게시물,میری پوسٹس,Postingan saya,मेरी पोस्ट,Мои сообщения,Gönderilerim,页面固定系统文案，需纳入 i18n 统一管理并检查多语言显示宽度,
我的/个人中心,我的页-收藏列表 - 我的收藏,我的收藏,我的收藏,My Bookmark,Dấu trang của tôi,الإشارة المرجعية الخاصة بي,Mi marcador,Meu favorito,Mon marque-page,私のブックマーク,내 북마크,میرا بک مارک,Penanda Saya,मेरा बुकमार्क,Моя закладка,Favorim,页面固定系统文案，需纳入 i18n 统一管理并检查多语言显示宽度,
我的/个人中心,我的页-关注列表 - 关注,关注,關注,Following,Đang theo dõi,جارٍ المتابعة,Siguiendo,Seguindo,Abonnements,フォロー中,팔로잉 중,فالونگ,Mengikuti,फॉलोइंग,Подписки,Takip Edilenler,页面固定系统文案，需纳入 i18n 统一管理并检查多语言显示宽度,
我的/个人中心,我的页-粉丝列表 - 粉丝,粉丝,粉絲,Followers,Người theo dõi,المتابعون,Seguidores,Seguidores,Abonnés,フォロワー,팔로워,فالوورز,Pengikut,फॉलोअर्स,Подписчики,Takipçiler,页面固定系统文案，需纳入 i18n 统一管理并检查多语言显示宽度,
我的/个人中心,我的页设置菜单 - 设置,设置,設定,Settings,Cài đặt,الإعدادات,Configuración,Configurações,Paramètres,設定,설정,ترتیبات,Pengaturan,सेटिंग्स,Настройки,Ayarlar,系统弹窗/提示条文案，需检查确认、取消、异常提示和浏览器场景,
我的/个人中心,我的页设置菜单 - 编辑资料,编辑资料,編輯資料,Edit Information,Chỉnh sửa thông tin,تعديل المعلومات,Editar información,Editar Informações,Modifier les informations,情報を編集,정보 수정,معلومات میں ترمیم,Edit Informasi,जानकारी संपादित करें,Редактировать информацию,Bilgileri Düzenle,系统弹窗/提示条文案，需检查确认、取消、异常提示和浏览器场景,
我的/个人中心,我的页设置菜单 - 密码管理,密码管理,密碼管理,Password Management,Quản lý mật khẩu,إدارة كلمة المرور,Gestión de contraseña,Gerenciamento de Senha,Gestion du mot de passe,パスワード管理,비밀번호 관리,پاس ورڈ مینجمنٹ,Manajemen Kata Sandi,पासवर्ड प्रबंधन,Управление паролем,Şifre Yönetimi,系统弹窗/提示条文案，需检查确认、取消、异常提示和浏览器场景,
我的/个人中心,我的页-设置菜单-切换语言入口,切换语言,切換語言,Change Language,Đổi ngôn ngữ,تغيير اللغة,Cambiar idioma,Alterar Idioma,Changer la langue,言語を変更,언어 변경,زبان تبدیل کریں,Ganti Bahasa,भाषा बदलें,Сменить язык,Dili Değiştir,系统弹窗/提示条文案，需检查确认、取消、异常提示和浏览器场景,
我的/个人中心,我的页设置菜单 - 服务条款,服务条款,服務條款,Terms of Service,Điều khoản dịch vụ,شروط الخدمة,Términos de servicio,Termos de Serviço,Conditions d'utilisation,利用規約,이용약관,سروس کی شرائط,Ketentuan Layanan,सेवा की शर्तें,Условия использования,Hizmet Şartları,系统弹窗/提示条文案，需检查确认、取消、异常提示和浏览器场景,
我的/个人中心,我的页设置菜单 - 隐私政策,隐私政策,隱私政策,Privacy Policy,Chính sách quyền riêng tư,سياسة الخصوصية,Política de privacidad,Política de Privacidade,Politique de confidentialité,プライバシーポリシー,개인정보처리방침,پرائیویسی پالیسی,Kebijakan Privasi,गोपनीयता नीति,Политика конфиденциальности,Gizlilik Politikası,系统弹窗/提示条文案，需检查确认、取消、异常提示和浏览器场景,
我的/个人中心,我的页设置菜单 - 关于我们,关于我们,關於我們,About Us,Về chúng tôi,من نحن,Sobre nosotros,Sobre Nós,À propos de nous,私たちについて,회사 소개,ہمارے بارے میں,Tentang Kami,हमारे बारे में,О нас,Hakkımızda,系统弹窗/提示条文案，需检查确认、取消、异常提示和浏览器场景,
我的/个人中心,我的页设置菜单 - 退出登录,退出登录,登出,Log out,Đăng xuất,تسجيل الخروج,Cerrar sesión,Sair,Se déconnecter,ログアウト,로그아웃,لاگ آؤٹ,Keluar,लॉग आउट,Выйти,Çıkış Yap,系统弹窗/提示条文案，需检查确认、取消、异常提示和浏览器场景,
【钱包/充值/提现】,,,,,,,,,,,,,,,,,,
钱包/充值/提现,钱包页面 - 钱包,钱包,錢包,Wallet,Ví,المحفظة,Cartera,Carteira,Portefeuille,ウォレット,지갑,والٹ,Dompet,वॉलेट,Кошелёк,Cüzdan,资金相关文案，需严谨核对成功/失败提示、金额、地址和支付流程,
钱包/充值/提现,充值页面/充值流程 - 充值,充值,充值,Deposit,Nạp tiền,الإيداع,Depósito,Depósito,Dépôt,チャージ,입금,جمع,Setoran,जमा,Пополнение,Yatırma,资金相关文案，需严谨核对成功/失败提示、金额、地址和支付流程,
钱包/充值/提现,充值页面/充值流程 - 余额,余额,餘額,Balance,Số dư,الرصيد,Saldo,Saldo,Solde,残高,잔액,بیلنس,Saldo,शेष राशि,Баланс,Bakiye,资金相关文案，需严谨核对成功/失败提示、金额、地址和支付流程,
钱包/充值/提现,充值页面/充值流程 - 记录,记录,記錄,History,Lịch sử,السجل,Historial,Histórico,Historique,履歴,내역,ہسٹری,Riwayat,इतिहास,История,Geçmiş,资金相关文案，需严谨核对成功/失败提示、金额、地址和支付流程,
钱包/充值/提现,充值页面/充值流程 - 选择充值金额,选择充值金额,選擇充值金額,Select Deposit Amount,Chọn số tiền nạp,اختر مبلغ الإيداع,Seleccionar monto de deposito,Selecionar valor do deposito,Sélectionner le montant du dépôt,入金額を選択,입금 금액 선택,ڈپازٹ رقم منتخب کریں,Pilih jumlah deposit,जमा राशि चुनें,Выберите сумму пополнения,Para yatirma tutari sec,资金相关文案，需严谨核对成功/失败提示、金额、地址和支付流程,
钱包/充值/提现,充值页面/充值流程 - 支付方式,支付方式,付款方式,Payment Method,Phương thức thanh toán,طريقة الدفع,Método de pago,Método de Pagamento,Mode de paiement,支払い方法,결제 수단,ادائیگی کا طریقہ,Metode Pembayaran,भुगतान विधि,Способ оплаты,Ödeme Yöntemi,资金相关文案，需严谨核对成功/失败提示、金额、地址和支付流程,
钱包/充值/提现,充值页面/充值流程 - 充值成功,充值成功,充值成功,Deposit success,Nạp thành công,تم الإيداع بنجاح,Depósito exitoso,Depósito realizado com sucesso,Dépôt réussi,チャージが成功しました,입금 성공,جمع کامیاب,Deposit berhasil,जमा सफल,Пополнение выполнено успешно,Yatırma başarılı,资金相关文案，需严谨核对成功/失败提示、金额、地址和支付流程,
钱包/充值/提现,提现页面/提现流程 - 可提现,可提现,可提現,Available for Withdrawal,Có thể rút,متاح للسحب,Disponible para retirar,Disponível para Saque,Disponible au retrait,出金可能残高,출금 가능,رقم نکالنے کے لیے دستیاب,Tersedia untuk Penarikan,निकासी हेतु उपलब्ध,Доступно к выводу,Çekilebilir Bakiye,资金相关文案，需严谨核对成功/失败提示、金额、地址和支付流程,
钱包/充值/提现,提现页面/提现流程 - 可用余额,可用余额,可用餘額,Available Balance,Số dư khả dụng,الرصيد المتاح,Balance disponible,Saldo Disponível,Solde disponible,出金可能残高,사용 가능 잔액,دستیاب بیلنس,Saldo Tersedia,उपलब्ध बैलेंस,Доступный баланс,Kullanılabilir Bakiye,资金相关文案，需严谨核对成功/失败提示、金额、地址和支付流程,
钱包/充值/提现,提现页面/提现流程 - 提现中,提现中,提現中,Pending Withdrawal,Đang chờ rút,سحب قيد الانتظار,Retiro pendiente,Saque Pendente,Retrait en attente,出金処理中,출금 대기 중,زیر التوا رقم نکالنا,Penarikan Tertunda,लंबित निकासी,Ожидает вывода,Bekleyen Çekim,资金相关文案，需严谨核对成功/失败提示、金额、地址和支付流程,
钱包/充值/提现,提现页面/提现流程 - 提现,提现,提現,Withdraw,Rút tiền,سحب,Retirar,Sacar,Retrait,出金,출금,رقم نکالیں,Tarik,निकालें,Вывести,Çek,资金相关文案，需严谨核对成功/失败提示、金额、地址和支付流程,
钱包/充值/提现,提现提交页面 - 提现,提现,提現,Withdrawal,Rút tiền,السحب,Retiro,Saque,Retrait,出金,출금,رقم نکالنا,Penarikan,निकासी,Вывод средств,Para Çekme,页面固定系统文案，需纳入 i18n 统一管理并检查多语言显示宽度,
钱包/充值/提现,提现提交页面 - 提现金额,提现金额,提現金額,Withdraw Amount,Số tiền rút,مبلغ السحب,Monto de retiro,Valor de Saque,Montant du retrait,出金金額,출금 금액,نکالنے کی رقم,Jumlah Penarikan,निकासी राशि,Сумма вывода,Çekim Tutarı,页面固定系统文案，需纳入 i18n 统一管理并检查多语言显示宽度,
钱包/充值/提现,提现提交页面 - 接收地址,接收地址,接收地址,Receive Address,Địa chỉ nhận,عنوان الاستلام,Dirección de recepción,Endereço de Recebimento,Adresse de réception,受取アドレス,수신 주소,وصولی ایڈریس,Alamat Penerima,प्राप्ति पता,Адрес получения,Alıcı Adres,页面固定系统文案，需纳入 i18n 统一管理并检查多语言显示宽度,
钱包/充值/提现,提现提交页面 - 确认,确认,確認,Confirm,Xác nhận,تأكيد,Confirmar,Confirmar,Confirmer,確認,확인,تصدیق کریں,Konfirmasi,पुष्टि करें,Подтвердить,Onayla,通用按钮文案，建议控制字数，重点检查窄屏和弹窗底部按钮,
钱包/充值/提现,提现提交页面 - 提现申请提交成功,提现申请提交成功,提現申請提交成功,Withdrawal submitted successfully,Gửi yêu cầu rút tiền thành công,تم إرسال طلب السحب بنجاح,Retiro enviado con éxito,Saque enviado com sucesso,Retrait soumis avec succès,出金申請を送信しました,출금 신청이 제출되었습니다,رقم نکالنے کی درخواست کامیابی سے جمع ہو گئی,Penarikan berhasil diajukan,निकासी सफलतापूर्वक सबमिट की गई,Заявка на вывод успешно отправлена,Para çekme talebi başarıyla gönderildi,页面固定系统文案，需纳入 i18n 统一管理并检查多语言显示宽度,
钱包/充值/提现,提现提交页面 - 提现失败，请重试,提现失败，请重试,提現失敗，請重試,"Withdrawal failed, please try again","Rút tiền thất bại, vui lòng thử lại",فشل السحب، يرجى المحاولة مرة أخرى,"El retiro falló, inténtalo de nuevo","Falha no saque, tente novamente","Échec du retrait, veuillez réessayer",出金に失敗しました。お試しください,출금에 실패했습니다. 다시 시도해주세요,رقم نکالنا ناکام، براہ کرم دوبارہ کوشش کریں,"Penarikan gagal, silakan coba lagi","निकासी विफल, कृपया फिर प्रयास करें","Ошибка вывода, попробуйте снова","Para çekme başarısız, lütfen tekrar deneyin",异常态/空状态/错误提示，需与接口失败、网络异常和空列表状态匹配,
【任务/积分/福利】,,,,,,,,,,,,,,,,,,
任务/积分/福利,福利中心页面 - 福利中心,福利中心,福利中心,Benefits Center,Trung tâm phúc lợi,مركز المزايا,Centro de Beneficios,Central de Benefícios,Centre d'avantages,特典センター,혜택 센터,فوائد سینٹر,Pusat Manfaat,लाभ केंद्र,Центр привилегий,Avantaj Merkezi,任务/积分/邀请文案，需与后端任务状态、积分记录和领取状态一致,
任务/积分/福利,福利中心页面 - 积分,积分,積分,Points,Điểm,النقاط,Puntos,Pontos,Points,ポイント,포인트,پوائنٹس,Poin,अंक,Баллы,Puanlar,任务/积分/邀请文案，需与后端任务状态、积分记录和领取状态一致,
任务/积分/福利,福利中心页面 - 任务中心,任务中心,任務中心,Task Center,Trung tâm nhiệm vụ,مركز المهام,Centro de tareas,Central de tarefas,Centre des tâches,タスクセンター,작업 센터,ٹاسک سینٹر,Pusat Tugas,कार्य केंद्र,Центр заданий,Görev Merkezi,任务/积分/邀请文案，需与后端任务状态、积分记录和领取状态一致,
任务/积分/福利,福利中心页面 - 邀请,邀请,邀請,Invite,Mời,دعوة,Invitar,Convidar,Inviter,招待,초대,دعوت دیں,Undang,आमंत्रित करें,Пригласить,Davet Et,任务/积分/邀请文案，需与后端任务状态、积分记录和领取状态一致,
任务/积分/福利,积分页面 - 我的积分,我的积分,我的積分,My points,Điểm của tôi,نقاطي,Mis puntos,Meus pontos,Mes points,マイポイント,내 포인트,میرے پوائنٹس,Poin saya,मेरे अंक,Мои баллы,Puanlarım,任务/积分/邀请文案，需与后端任务状态、积分记录和领取状态一致,
任务/积分/福利,积分页面 - 全部,全部,全部,All,Tất cả,الكل,Todo,Tudo,Tout,すべて,전체,سب,Semua,सभी,Все,Tümü,任务/积分/邀请文案，需与后端任务状态、积分记录和领取状态一致,
任务/积分/福利,积分页面 - 已获得,已获得,已獲得,Earned,Đã kiếm,حصل,Ganados,Ganhos,Gagnés,獲得,적립,کمایا,Diperoleh,कमाया,Начислено,Kazanılan,任务/积分/邀请文案，需与后端任务状态、积分记录和领取状态一致,
任务/积分/福利,积分页面 - 已消耗,已消耗,已消耗,Spent,Đã dùng,قضى,Gastados,Gastos,Dépensés,使用,사용,خرچ کیا۔,Terpakai,खर्च किया,Списано,Harcanan,任务/积分/邀请文案，需与后端任务状态、积分记录和领取状态一致,
任务/积分/福利,积分页面 - 兑换,兑换,兌換,Redeem,Đổi,استبدال,Canjear,Trocar,Échanger,交換する,교환,ریڈیم کریں,Tukar,रिडीम करें,Обменять,Kullan,任务/积分/邀请文案，需与后端任务状态、积分记录和领取状态一致,
任务/积分/福利,任务中心页面 - 领取,领取,領取,Claim,Nhận,استلام,Reclamar,Resgatar,Récupérer,受け取る,받기,وصول کریں,Klaim,दावा करें,Забрать,Al,任务/积分/邀请文案，需与后端任务状态、积分记录和领取状态一致,
任务/积分/福利,任务中心页面 - 进行中,进行中,進行中,Ongoing,Đang diễn ra,قيد التنفيذ,En curso,Em andamento,En cours,進行中,진행 중,جاری,Berlangsung,प्रगति पर,В процессе,Devam ediyor,任务/积分/邀请文案，需与后端任务状态、积分记录和领取状态一致,
任务/积分/福利,任务中心页面 - 待完成,待完成,待完成,Todo,Cần làm,معلّق,Pendiente,Pendente,À faire,未完了,미완료,زیر التواء,Belum selesai,लंबित,К выполнению,Yapılacak,任务/积分/邀请文案，需与后端任务状态、积分记录和领取状态一致,
任务/积分/福利,任务中心页面 - 已完成,已完成,已完成,Done,Hoàn tất,مكتمل,Hecho,Concluído,Terminé,完了,완료,مکمل,Selesai,पूर्ण,Готово,Bitti,任务/积分/邀请文案，需与后端任务状态、积分记录和领取状态一致,
任务/积分/福利,任务中心页面 - 领取奖励,领取奖励,領取獎勵,Claim reward,Nhận thưởng,استلام المكافأة,Reclamar recompensa,Resgatar recompensa,Récupérer la récompense,報酬を受け取る,보상 받기,انعام وصول کریں,Klaim hadiah,पुरस्कार दावा करें,Получить награду,Ödülü al,任务/积分/邀请文案，需与后端任务状态、积分记录和领取状态一致,
任务/积分/福利,邀请页面 - 复制邀请链接,复制邀请链接,複製邀請連結,Copy invite link,Sao chép liên kết mời,انسخ رابط الدعوة,Copiar enlace de invitación,Copiar link de convite,Copier le lien d'invitation,招待リンクをコピーする,초대 링크 복사,دعوت کا لنک کاپی کریں۔,Salin tautan undangan,आमंत्रण लिंक कॉपी करें,Скопировать ссылку-приглашение,Davet bağlantısını kopyala,任务/积分/邀请文案，需与后端任务状态、积分记录和领取状态一致,
任务/积分/福利,邀请页面 - 保存海报,保存海报,保存海報,Save Poster,Lưu poster,حفظ الملصق,Guardar cartel,Salvar pôster,Enregistrer l’affiche,ポスターの保存,포스터 저장,پوسٹر محفوظ کریں۔,Simpan Poster,पोस्टर सहेजें,Сохранить плакат,Posteri Kaydet,任务/积分/邀请文案，需与后端任务状态、积分记录和领取状态一致,
任务/积分/福利,邀请页面 - 立即分享,立即分享,立即分享,Share Now,Chia sẻ ngay,Share الآن,Share ahora,Share agora,Share Maintenant,今Share,Share 지금,Share ابھی,Share Sekarang,Share अब,Share сейчас,Share Şimdi,任务/积分/邀请文案，需与后端任务状态、积分记录和领取状态一致,
【主播工具/开播管理】,,,,,,,,,,,,,,,,,,
主播工具/开播管理,主播工具栏 - 主播工具栏,主播工具栏,主播工具列,Streamer Toolbar,Thanh công cụ streamer,شريط أدوات مقدّم البث,Barra de herramientas del streamer,Barra do Streamer,Barre d'outils streamer,配信者ツールバー,스트리머 도구 모음,سٹریمر ٹول بار,Toolbar Streamer,स्ट्रीमर टूलबार,Панель стримера,Yayıncı Araç Çubuğu,主播后台功能文案，需区分待播、开播、历史直播和数据统计场景,
主播工具/开播管理,主播工具栏 - 创建直播,创建直播,創建直播,Create Live,Tạo live,إنشاء بث مباشر,Crear en vivo,Criar Live,Créer un live,ライブを作成,라이브 생성,لائیو بنائیں,Buat Live,लाइव बनाएं,Создать эфир,Canlı Yayın Oluştur,主播后台功能文案，需区分待播、开播、历史直播和数据统计场景,
主播工具/开播管理,主播工具栏 - 待播管理,待播管理,待播管理,Upcoming,Sắp diễn ra,قادم,Próximos,Próximas,À venir,予定,예정,آنے والا,Akan Datang,आगामी,Предстоящие,Yaklaşan,主播后台功能文案，需区分待播、开播、历史直播和数据统计场景,
主播工具/开播管理,主播工具栏 - 历史直播,历史直播,歷史直播,Live History,Lịch sử live,سجل البث المباشر,Historial de transmisiones,Histórico de Lives,Historique des lives,配信履歴,라이브 히스토리,لائیو تاریخ,Riwayat Live,लाइव इतिहास,История эфиров,Canlı Geçmişi,主播后台功能文案，需区分待播、开播、历史直播和数据统计场景,
主播工具/开播管理,主播工具栏 - 数据中心,数据中心,數據中心,Data Center,Trung tâm dữ liệu,مركز البيانات,Centro de datos,Central de Dados,Centre de données,データセンター,데이터 센터,ڈیٹا سینٹر,Pusat Data,डेटा सेंटर,Центр данных,Veri Merkezi,主播后台功能文案，需区分待播、开播、历史直播和数据统计场景,
主播工具/开播管理,主播工具栏 - 粉丝群,粉丝群,粉絲群,Fan Groups,Nhóm fan,مجموعات المعجبين,Grupos de fans,Grupos de Fãs,Groupes de fans,ファングループ,팬 그룹,فین گروپس,Grup Penggemar,फैन समूह,Фан-группы,Hayran Grupları,主播后台功能文案，需区分待播、开播、历史直播和数据统计场景,
主播工具/开播管理,主播工具栏 - 任务,任务,任務,Task,Nhiệm vụ,مهمة,Tarea,Tarefa,Tâche,タスク,업무,ٹاسک,Tugas,कार्य,Задача,Görev,主播后台功能文案，需区分待播、开播、历史直播和数据统计场景,
主播工具/开播管理,主播工具栏 - 合约,合约,合約,Contract,Hợp đồng,عقد,Contrato,Contrato,Contrat,契約,계약,معاہدہ,Kontrak,करार,Контракт,Sözleşme,主播后台功能文案，需区分待播、开播、历史直播和数据统计场景,
主播工具/开播管理,待播/预约直播管理 - 立即开播,立即开播,立即開播,Start Live Now,Bắt đầu live ngay,ابدأ البث الآن,Iniciar en vivo ahora,Iniciar Live Agora,Démarrer le live maintenant,今すぐ配信開始,지금 라이브 시작,ابھی لائیو شروع کریں,Mulai Live Sekarang,अभी लाइव शुरू करें,Начать эфир сейчас,Canlıyı Şimdi Başlat,主播后台功能文案，需区分待播、开播、历史直播和数据统计场景,
主播工具/开播管理,待播/预约直播管理 - 预约人数,预约人数,預約人數,Registrations,Số đăng ký,التسجيلات,Registros,Inscrições,Inscriptions,予約数,등록,رجسٹریشنز,Pendaftaran,पंजीकरण,Регистрации,Kayıtlar,主播后台功能文案，需区分待播、开播、历史直播和数据统计场景,
主播工具/开播管理,待播/预约直播管理 - 进入直播间,进入直播间,進入直播間,Enter Live Room,Vào phòng live,ادخل إلى غرفة البث المباشر,Entrar a la sala en vivo,Entrar na Sala ao Vivo,Entrer dans la salle live,ライブルームに入る,라이브 룸 입장,لائیو روم میں داخل ہوں,Masuk Ruang Live,लाइव रूम में प्रवेश करें,Войти в эфирную комнату,Canlı Odaya Gir,主播后台功能文案，需区分待播、开播、历史直播和数据统计场景,
主播工具/开播管理,待播/预约直播管理 - 新增预约直播,新增预约直播,新增預約直播,Add New Scheduled Live,Thêm live đã lên lịch,إضافة بث مباشر مجدول جديد,Agregar nueva transmisión programada,Adicionar Nova Live Agendada,Ajouter un nouveau live programmé,新しい予定配信を追加,새 예정 라이브 추가,نیا شیڈولڈ لائیو شامل کریں,Tambah Live Terjadwal Baru,नया अनुसूचित लाइव जोड़ें,Добавить новую запланированную трансляцию,Yeni Planlı Canlı Yayın Ekle,主播后台功能文案，需区分待播、开播、历史直播和数据统计场景,
主播工具/开播管理,历史直播数据页面 - 直播场次,直播场次,直播場次,Live Sessions,Phiên live,جلسات البث المباشر,Sesiones en vivo,Sessões ao Vivo,Sessions live,配信回数,라이브 세션,لائیو سیشنز,Sesi Live,लाइव सत्र,Эфиры,Canlı Oturumlar,主播后台功能文案，需区分待播、开播、历史直播和数据统计场景,
主播工具/开播管理,历史直播数据页面 - 观看人数,观看人数,觀看人數,Viewers,Người xem,المشاهدون,Espectadores,Espectadores,Spectateurs,視聴者数,시청자,ناظرین,Penonton,दर्शक,Зрители,İzleyiciler,主播后台功能文案，需区分待播、开播、历史直播和数据统计场景,
主播工具/开播管理,历史直播数据页面 - 总时长（小时）,总时长（小时）,總時長（小時）,Total Duration (h),Tổng thời lượng (giờ),المدة الإجمالية (س),Duración total (h),Duração Total (h),Durée totale (h),総配信時間 (h),총 이용 시간 (h),کل مدت (گھنٹے),Total Durasi (j),कुल अवधि (घंटे),Общая длительность (ч),Toplam Süre (s),主播后台功能文案，需区分待播、开播、历史直播和数据统计场景,
主播工具/开播管理,历史直播数据页面 - 查看片段,查看片段,查看片段,View Clips,Xem clip,عرض المقاطع,Ver clips,Ver Clipes,Voir les clips,クリップを見る,클립 보기,کلپس دیکھیں,Lihat Klip,क्लिप देखें,Смотреть клипы,Klipleri Gör,主播后台功能文案，需区分待播、开播、历史直播和数据统计场景,
【合约/认证/申请】,,,,,,,,,,,,,,,,,,
合约/认证/申请,合约管理页面 - 合约管理,合约管理,合約管理,Contract Management,Quản lý hợp đồng,إدارة العقود,Gestión de contratos,Gestão de Contratos,Gestion des contrats,契約管理,계약 관리,معاہدے کا انتظام,Manajemen Kontrak,करार प्रबंधन,Управление контрактами,Sözleşme Yönetimi,认证/合约流程文案，需与后台状态、签署流程和法务文案保持一致,
合约/认证/申请,合约管理页面 - 待签合约,待签合约,待簽合約,Pending Contracts,Hợp đồng đang chờ,العقود المعلقة,Contratos pendientes,Contratos Pendentes,Contrats en attente,保留中の契約,대기 중인 계약,معلق معاہدے,Kontrak Tertunda,लंबित करार,Ожидающие контракты,Bekleyen Sözleşmeler,认证/合约流程文案，需与后台状态、签署流程和法务文案保持一致,
合约/认证/申请,合约管理页面 - 生效合约,生效合约,生效合約,Active Contracts,Hợp đồng hiệu lực,العقود النشطة,Contratos activos,Contratos Ativos,Contrats actifs,有効な契約,활성 계약,فعال معاہدے,Kontrak Aktif,सक्रिय करार,Активные контракты,Aktif Sözleşmeler,认证/合约流程文案，需与后台状态、签署流程和法务文案保持一致,
合约/认证/申请,合约管理页面 - 已作废合约,已作废合约,已作廢合約,Voided Contracts,Hợp đồng đã hủy,العقود الملغاة,Contratos anulados,Contratos Anulados,Contrats annulés,無効な契約,무효 처리된 계약,باطل کردہ معاہدے,Kontrak Dibatalkan,रद्द किए गए करार,Аннулированные контракты,Geçersiz Sözleşmeler,认证/合约流程文案，需与后台状态、签署流程和法务文案保持一致,
合约/认证/申请,合约管理页面 - 合约详情,合约详情,合約詳情,Contract Details,Chi tiết hợp đồng,تفاصيل العقد,Detalles del contrato,Detalhes do Contrato,Détails du contrat,契約詳細,계약 세부 정보,معاہدے کی تفصیلات,Detail Kontrak,करार का विवरण,Детали контракта,Sözleşme Detayları,认证/合约流程文案，需与后台状态、签署流程和法务文案保持一致,
合约/认证/申请,合约管理页面 - 合约 ID,合约 ID,合約 ID,Contract ID,ID hợp đồng,معرف العقد,ID de contrato,ID do Contrato,ID du contrat,契約ID,계약 ID,معاہدہ ID,ID Kontrak,करार आईडी,Идентификатор контракта,Sözleşme ID,认证/合约流程文案，需与后台状态、签署流程和法务文案保持一致,
合约/认证/申请,合约管理页面 - 开始日期,开始日期,開始日期,Start Date,Ngày bắt đầu,تاريخ البدء,Fecha de inicio,Data de Início,Date de début,開始日,시작일,شروعی تاریخ,Tanggal Mulai,प्रारंभ तिथि,Дата начала,Başlangıç Tarihi,认证/合约流程文案，需与后台状态、签署流程和法务文案保持一致,
合约/认证/申请,合约管理页面 - 结束日期,结束日期,結束日期,End Date,Ngày kết thúc,تاريخ الانتهاء,Fecha de fin,Data de Término,Date de fin,終了日,종료일,اختتامی تاریخ,Tanggal Berakhir,समाप्ति तिथि,Дата окончания,Bitiş Tarihi,认证/合约流程文案，需与后台状态、签署流程和法务文案保持一致,
合约/认证/申请,合约管理页面 - 状态,状态,狀態,Status,Trạng thái,الحالة,Estado,Estado,Statut,ステータス,상태,حالت,Status,स्थिति,Статус,Durum,认证/合约流程文案，需与后台状态、签署流程和法务文案保持一致,
合约/认证/申请,合约管理页面 - 查看详情,查看详情,查看詳情,View Details,Xem chi tiết,عرض التفاصيل,Ver detalles,Ver Detalhes,Voir les détails,詳細を見る,상세 보기,تفصیلات دیکھیں,Lihat Detail,विवरण देखें,Подробнее,Detayları Gör,认证/合约流程文案，需与后台状态、签署流程和法务文案保持一致,
合约/认证/申请,合约管理页面 - 签署合约,签署合约,簽署合約,Sign Contract,Ký hợp đồng,توقيع العقد,Firmar contrato,Assinar Contrato,Signer le contrat,契約に署名,계약 서명,معاہدے پر دستخط کریں,Tandatangani Kontrak,करार पर हस्ताक्षर करें,Подписать контракт,Sözleşmeyi İmzala,认证/合约流程文案，需与后台状态、签署流程和法务文案保持一致,
合约/认证/申请,合约管理页面 - 立即签署,立即签署,立即簽署,Sign Now,Ký ngay,وقّع الآن,Firmar ahora,Assinar Agora,Signer maintenant,今すぐ署名,지금 서명,ابھی دستخط کریں,Tandatangani Sekarang,अभी हस्ताक्षर करें,Подписать сейчас,Şimdi İmzala,认证/合约流程文案，需与后台状态、签署流程和法务文案保持一致,
合约/认证/申请,合约管理页面 - 稍后提交,稍后提交,稍後提交,Submit Later,Gửi sau,إرسال لاحقاً,Enviar después,Enviar Depois,Soumettre plus tard,後で提出,나중에 제출,بعد میں جمع کریں,Kirim Nanti,बाद में जमा करें,Отложить,Sonra Gönder,认证/合约流程文案，需与后台状态、签署流程和法务文案保持一致,
合约/认证/申请,合约管理页面 - 签署成功,签署成功,簽署成功,Signed successfully,Ký thành công,تم التوقيع بنجاح,Firmado con éxito,Assinado com sucesso,Signé avec succès,署名しました,서명이 완료되었습니다,کامیابی سے دستخط کیے گئے,Berhasil ditandatangani,सफलतापूर्वक हस्ताक्षर किए गए,Подписано успешно,Başarıyla imzalandı,认证/合约流程文案，需与后台状态、签署流程和法务文案保持一致,
合约/认证/申请,合约管理页面 - 签署失败,签署失败,簽署失敗,Failed to sign,Ký thất bại,فشل التوقيع,Error al firmar,Falha ao assinar,Échec de la signature,署名に失敗しました,서명에 실패했습니다,دستخط کرنے میں ناکام,Gagal menandatangani,हस्ताक्षर करने में विफल,Не удалось подписать,İmzalama başarısız,认证/合约流程文案，需与后台状态、签署流程和法务文案保持一致,
合约/认证/申请,主播认证申请页面 - 主播认证,主播认证,主播認證,Verify Streamer,Xác minh streamer,تحقق من مقدّم البث,Verificar streamer,Verificar Streamer,Vérifier le streamer,配信者認証,스트리머 검증,سٹریمر کی تصدیق کریں,Verifikasi Streamer,स्ट्रीमर को सत्यापित करें,Подтверждение стримера,Yayıncı Doğrulaması,认证/合约流程文案，需与后台状态、签署流程和法务文案保持一致,
合约/认证/申请,主播认证申请页面 - 立即申请,立即申请,立即申請,Apply Now,Đăng ký ngay,قدّم الآن,Solicitar ahora,Solicitar agora,Postuler maintenant,今すぐ申請,지금 신청,ابھی درخواست دیں,Ajukan Sekarang,अभी आवेदन करें,Подать заявку,Şimdi Başvur,认证/合约流程文案，需与后台状态、签署流程和法务文案保持一致,
【语言/关于/帮助/页脚】,,,,,,,,,,,,,,,,,,
语言/关于/帮助/页脚,语言设置页-页面标题,语言,語言,Language,Ngôn ngữ,اللغة,Idioma,Idioma,Langue,言語,언어,زبان,Bahasa,भाषा,Язык,Dil,固定页面/链接文案，需检查跳转目标和当前语言是否一致,
语言/关于/帮助/页脚,语言设置页-应用语言字段,应用语言,應用語言,App Language,Ngôn ngữ ứng dụng,لغة التطبيق,Idioma de la app,Idioma do App,Langue de l'application,アプリの言語,앱 언어,ایپ زبان,Bahasa Aplikasi,ऐप भाषा,Язык приложения,Uygulama Dili,固定页面/链接文案，需检查跳转目标和当前语言是否一致,
语言/关于/帮助/页脚,语言设置页面 - 英文,英文,英文,English,Tiếng Anh,العربية,Español,Português (Brasil),Français,日本語,영어,اردو,Bahasa Indonesia,हिन्दी,Русский,Türkçe,固定页面/链接文案，需检查跳转目标和当前语言是否一致,
语言/关于/帮助/页脚,语言设置页面 - 繁体中文,繁体中文,繁體中文,Traditional Chinese,Tiếng Trung phồn thể,العربية,Español,Português (Brasil),Français,日本語,영어,اردو,Bahasa Indonesia,हिन्दी,Русский,Türkçe,固定页面/链接文案，需检查跳转目标和当前语言是否一致,
语言/关于/帮助/页脚,语言设置页面 - 越南语,越南语,越南語,Vietnamese,Tiếng Việt,العربية,Español,Português (Brasil),Français,日本語,영어,اردو,Bahasa Indonesia,हिन्दी,Русский,Türkçe,固定页面/链接文案，需检查跳转目标和当前语言是否一致,
语言/关于/帮助/页脚,关于我们页面 - 关于我们,关于我们,關於我們,About Us,Về chúng tôi,من نحن,Sobre nosotros,Sobre Nós,À propos de nous,私たちについて,회사 소개,ہمارے بارے میں,Tentang Kami,हमारे बारे में,О нас,Hakkımızda,固定页面/链接文案，需检查跳转目标和当前语言是否一致,
语言/关于/帮助/页脚,联系我们弹窗 - 联系我们,联系我们,聯絡我們,Contact Us,Liên hệ,اتصل بنا,Contáctanos,Fale conosco,Nous contacter,お問い合わせ,문의하기,رابطہ کریں,Hubungi kami,संपर्क करें,Связаться с нами,Bize ulaşın,固定页面/链接文案，需检查跳转目标和当前语言是否一致,
语言/关于/帮助/页脚,联系我们弹窗 - 邮箱,邮箱,Email,Email,Email,البريد الإلكتروني,Correo,E-mail,E-mail,メール,이메일,ای میل,Surel,ईमेल,Эл. почта,E-posta,固定页面/链接文案，需检查跳转目标和当前语言是否一致,
语言/关于/帮助/页脚,联系我们弹窗 - 服务时间：周一至周日，09:00–21:00,服务时间：周一至周日，09:00–21:00,服務時間：週一至週日，09:00–21:00,"Service hours: Monday–Sunday, 09:00–21:00","Giờ hỗ trợ: Thứ Hai–Chủ Nhật, 09:00–21:00",ساعات العمل: الإثنين–الأحد، 09:00–21:00,"Horario: lunes a domingo, 09:00–21:00","Horário: segunda a domingo, 09:00–21:00","Horaires : lun.–dim., 09h00–21h00",受付時間：月曜日～日曜日 09:00～21:00,운영 시간: 월요일–일요일 09:00–21:00,سروس اوقات: پیر–اتوار، 09:00–21:00,"Jam layanan: Senin–Minggu, 09:00–21:00","सेवा समय: सोमवार–रविवार, 09:00–21:00","Время работы: пн–вс, 09:00–21:00","Hizmet saatleri: Pazartesi–Pazar, 09:00–21:00",固定页面/链接文案，需检查跳转目标和当前语言是否一致,
语言/关于/帮助/页脚,PC 页脚链接区 - 关于我们,关于我们,關於我們,About Us,Về chúng tôi,من نحن,Sobre nosotros,Sobre Nós,À propos de nous,私たちについて,회사 소개,ہمارے بارے میں,Tentang Kami,हमारे बारे में,О нас,Hakkımızda,固定页面/链接文案，需检查跳转目标和当前语言是否一致,
语言/关于/帮助/页脚,PC 页脚链接区 - 联系我们,联系我们,聯絡我們,Contact Us,Liên hệ,اتصل بنا,Contáctanos,Fale conosco,Nous contacter,お問い合わせ,문의하기,رابطہ کریں,Hubungi kami,संपर्क करें,Связаться с нами,Bize ulaşın,固定页面/链接文案，需检查跳转目标和当前语言是否一致,
语言/关于/帮助/页脚,PC 页脚链接区 - 免责声明,免责声明,免責聲明,Disclaimer,Tuyên bố miễn trừ,تنويه,Descargo de responsabilidad,Aviso Legal,Avertissement,免責事項,면책 조항,دستبرداری,Penafian,अस्वीकरण,Отказ от ответственности,Yasal Uyarı,固定页面/链接文案，需检查跳转目标和当前语言是否一致,
语言/关于/帮助/页脚,PC 页脚链接区 - 服务条款,服务条款,服務條款,Terms of Service,Điều khoản dịch vụ,شروط الخدمة,Términos de servicio,Termos de Serviço,Conditions d'utilisation,利用規約,이용약관,سروس کی شرائط,Ketentuan Layanan,सेवा की शर्तें,Условия использования,Hizmet Şartları,固定页面/链接文案，需检查跳转目标和当前语言是否一致,
语言/关于/帮助/页脚,PC 页脚链接区 - 隐私政策,隐私政策,隱私政策,Privacy Policy,Chính sách quyền riêng tư,سياسة الخصوصية,Política de privacidad,Política de privacidade,Politique de confidentialité,プライバシーポリシー,개인정보 처리방침,رازداری کی پالیسی,Kebijakan privasi,गोपनीयता नीति,Политика конфиденциальности,Gizlilik politikası,固定页面/链接文案，需检查跳转目标和当前语言是否一致,
语言/关于/帮助/页脚,PC 页脚链接区 - 风险披露,风险披露,風險披露,Risk Disclosure,Công bố rủi ro,الإفصاح عن المخاطر,Divulgación de riesgos,Divulgação de riscos,Avertissement sur les risques,リスク開示,위험 고지,خطرات کا انکشاف,Pengungkapan Risiko,जोखिम प्रकटीकरण,Раскрытие рисков,Risk Açıklaması,固定页面/链接文案，需检查跳转目标和当前语言是否一致,
【系统提示/弹窗/权限】,,,,,,,,,,,,,,,,,,
系统提示/弹窗/权限,反馈弹窗 - 未填写内容提示,请输入反馈内容。,請輸入反饋內容。,Please enter your feedback.,Vui lòng nhập phản hồi của bạn.,يرجى إدخال ملاحظاتك.,Introduce tus comentarios.,Digite seu feedback.,Veuillez saisir votre commentaire.,フィードバックを入力してください。,피드백을 입력해 주세요.,براہ کرم اپنی رائے درج کریں۔,Silakan masukkan umpan balik Anda.,कृपया अपना फ़ीडबैक दर्ज करें।,Введите текст обратной связи.,Lütfen geri bildiriminizi girin.,固定页面/链接文案，需检查跳转目标和当前语言是否一致,
系统提示/弹窗/权限,反馈弹窗 - 标题,反馈,意見反饋,Feedback,Phản hồi,ملاحظات,Comentarios,Comentários,Retour,フィードバック,피드백,فیڈبیک,Umpan Balik,फीडबैक,Обратная связь,Geri Bildirim,固定页面/链接文案，需检查跳转目标和当前语言是否一致,
系统提示/弹窗/权限,反馈弹窗 - 副标题,告诉我们哪里需要改进，我们会持续优化。,告訴我們哪裡做得不好，我們會認真改進,Tell us what we missed and we will improve.,Hãy cho chúng tôi biết điểm cần cải thiện — chúng tôi sẽ xử lý nghiêm túc.,أخبرنا بما يمكن تحسينه — سنأخذ ذلك بجدية.,Cuéntanos qué podemos mejorar; lo tomaremos en serio.,Conte o que podemos melhorar — levamos isso a sério.,Dites-nous ce qui n’a pas été optimal — nous nous améliorerons sérieusement.,改善点をお聞かせください。真摯に対応します。,부족했던 점을 알려주시면 성실히 개선하겠습니다.,بتائیں ہم کہاں بہتر ہو سکتے ہیں — ہم اسے سنجیدگی سے لیں گے۔,Beri tahu kami apa yang kurang — kami akan memperbaikinya dengan serius.,बताएं हम कहाँ बेहतर कर सकते हैं — हम इसे गंभीरता से लेंगे।,"Расскажите, что можно улучшить — мы отнесёмся к этому серьёзно.",Eksik kaldığımız noktaları yazın — bunu ciddiye alıyoruz.,固定页面/链接文案，需检查跳转目标和当前语言是否一致,
系统提示/弹窗/权限,反馈弹窗 - 反馈类型标题,反馈类型,反饋類型,Feedback type,Loại phản hồi,نوع الملاحظة,Tipo de comentario,Tipo de feedback,Type de commentaire,フィードバックの種類,피드백 유형,رائے کی قسم,Jenis umpan balik,फ़ीडबैक प्रकार,Тип обращения,Geri bildirim türü,固定页面/链接文案，需检查跳转目标和当前语言是否一致,
系统提示/弹窗/权限,反馈弹窗 - 产品建议类型,产品建议,產品建議,Product suggestion,Góp ý sản phẩm,اقتراح على المنتج,Sugerencia de producto,Sugestão de produto,Suggestion produit,製品のご提案,제품 제안,مصنوعات کی تجویز,Saran produk,उत्पाद सुझाव,Предложение по продукту,Ürün önerisi,固定页面/链接文案，需检查跳转目标和当前语言是否一致,
系统提示/弹窗/权限,反馈弹窗 - 功能异常类型,功能异常,功能異常,Bug / crash,Lỗi / treo ứng dụng,خلل / تعطل,Error / cierre inesperado,Bug / travamento,Bug / plantage,不具合／クラッシュ,버그 / 오류,خرابی / کریش,Bug/kerusakan,बग / क्रैश,Ошибка / сбой,Hata / çökme,固定页面/链接文案，需检查跳转目标和当前语言是否一致,
系统提示/弹窗/权限,反馈弹窗 - 账号问题类型,账号问题,帳號問題,Account issue,Vấn đề tài khoản,مشكلة في الحساب,Problema de cuenta,Problema de conta,Problème de compte,アカウントの問題,계정 문제,اکاؤنٹ کا مسئلہ,Masalah akun,खाता समस्या,Проблема с аккаунтом,Hesap sorunu,固定页面/链接文案，需检查跳转目标和当前语言是否一致,
系统提示/弹窗/权限,反馈弹窗 - 内容举报类型,内容举报,內容舉報,Content report,Báo cáo nội dung,الإبلاغ عن محتوى,Reportar contenido,Denúncia de conteúdo,Signalement de contenu,コンテンツの通報,콘텐츠 신고,مواد کی رپورٹ,Laporan konten,सामग्री रिपोर्ट,Жалоба на контент,İçerik bildirimi,固定页面/链接文案，需检查跳转目标和当前语言是否一致,
系统提示/弹窗/权限,反馈弹窗 - 其他类型,其他,其他,Other,Khác,أخرى,Otro,Outro,Autre,その他,기타,دیگر,Lainnya,अन्य,Другое,Diğer,固定页面/链接文案，需检查跳转目标和当前语言是否一致,
系统提示/弹窗/权限,反馈弹窗 - 详细描述标题,详细描述,詳細描述,Details,Chi tiết,التفاصيل,Detalles,Detalhes,Détails,詳細,상세 내용,تفصیلات,Detail,विवरण,Подробности,Ayrıntılar,固定页面/链接文案，需检查跳转目标和当前语言是否一致,
系统提示/弹窗/权限,反馈弹窗 - 详细描述输入框,请具体描述你遇到的问题或建议，最多 500 字。,請具體描述您遇到的問題或者建議，最多500個字,Describe the issue or suggestion in detail. Up to 500 characters.,Mô tả chi tiết vấn đề hoặc góp ý. Tối đa 500 ký tự.,صف المشكلة أو الاقتراح بالتفصيل. حتى 500 حرف.,Describe el problema o la sugerencia con detalle. Hasta 500 caracteres.,Descreva o problema ou a sugestão com detalhes. Até 500 caracteres.,Décrivez le problème ou la suggestion en détail. Jusqu’à 500 caractères.,問題やご提案を具体的にご記入ください。最大500文字です。,문제나 제안을 구체적으로 적어 주세요. 최대 500자입니다.,مسئلہ یا تجویز تفصیل سے لکھیں۔ زیادہ سے زیادہ 500 حروف۔,Jelaskan masalah atau saran secara rinci. Maksimal 500 karakter.,समस्या या सुझाव को विस्तार से लिखें। अधिकतम 500 अक्षर।,Опишите проблему или предложение подробно. До 500 символов.,Sorunu veya öneriyi ayrıntılı açıklayın. En fazla 500 karakter.,固定页面/链接文案，需检查跳转目标和当前语言是否一致,
系统提示/弹窗/权限,反馈弹窗 - 联系方式标题,联系方式（选填）,聯絡方式（選填）,Contact (optional),Liên hệ (tuỳ chọn),جهة الاتصال (اختياري),Contacto (opcional),Contato (opcional),Contact (facultatif),連絡先（任意）,연락처(선택),رابطہ (اختیاری),Kontak (opsional),संपर्क (वैकल्पिक),Контакт (необязательно),İletişim (isteğe bağlı),固定页面/链接文案，需检查跳转目标和当前语言是否一致,
系统提示/弹窗/权限,反馈弹窗 - 联系方式输入框,邮箱或手机号，方便我们回复你,Email或手機號，方便我們回覆您,Email or phone so we can reply,Email hoặc số điện thoại để phản hồi,البريد أو الهاتف للرد عليك,Correo o teléfono para responderte,E-mail ou telefone para resposta,E-mail ou téléphone pour une réponse,返信用のメールまたは電話番号,회신을 위해 이메일 또는 휴대폰 번호,جواب کے لیے ای میل یا فون,Email atau nomor telepon untuk balasan,जवाब के लिए ईमेल या फ़ोन,Email или телефон для ответа,Yanıt için e-posta veya telefon,固定页面/链接文案，需检查跳转目标和当前语言是否一致,
系统提示/弹窗/权限,反馈弹窗 - 提交按钮,提交反馈,提交反饋,Submit feedback,Gửi phản hồi,إرسال الملاحظات,Enviar comentarios,Enviar feedback,Envoyer le commentaire,フィードバックを送信,피드백 제출,رائے بھیجیں,Kirim umpan balik,फ़ीडबैक सबमिट करें,Отправить отзыв,Geri bildirimi gönder,固定页面/链接文案，需检查跳转目标和当前语言是否一致,
系统提示/弹窗/权限,反馈弹窗 - 类型加载失败提示,反馈类型加载失败，请稍后重试。,無法載入反饋類型，請稍後再試。,Failed to load feedback types. Please try again later.,Không thể tải loại phản hồi. Vui lòng thử lại sau.,فشل تحميل أنواع الملاحظات. يرجى المحاولة لاحقًا.,No se pudieron cargar los tipos de comentarios. Int?ntalo de nuevo m?s tarde.,N?o foi poss?vel carregar os tipos de feedback. Tente novamente mais tarde.,Impossible de charger les types de commentaires. Veuillez r?essayer plus tard.,フィードバック種別の読み込みに失敗しました。後でもう一度お試しください。,피드백 유형을 불러오지 못했습니다. 나중에 다시 시도해 주세요.,فیڈبیک کی اقسام لوڈ کرنے میں ناکامی۔ براہ کرم بعد میں دوبارہ کوشش کریں۔,Gagal memuat jenis umpan balik. Silakan coba lagi nanti.,फीडबैक प्रकार लोड करने में विफल। कृपया बाद में पुनः प्रयास करें।,Не удалось загрузить типы отзывов. Попробуйте позже.,Geri bildirim t?rleri y?klenemedi. L?tfen daha sonra tekrar deneyin.,固定页面/链接文案，需检查跳转目标和当前语言是否一致,
系统提示/弹窗/权限,反馈弹窗 - 取消,取消,取消,Cancel,Hủy,إلغاء,Cancelar,Cancelar,Annuler,キャンセル,취소,منسوخ کریں,Batal,रद्द करें,Отмена,İptal,系统弹窗/提示条文案，需检查确认、取消、异常提示和浏览器场景,
系统提示/弹窗/权限,反馈弹窗 - 反馈提交成功,反馈提交成功,反饋提交成功,Feedback submitted successfully,Gửi phản hồi thành công,تم إرسال الملاحظات بنجاح,Comentarios enviados con éxito,Feedback enviado com sucesso,Feedback envoyé avec succès,フィードバックを送信しました,피드백이 제출되었습니다,فیڈبیک کامیابی سے جمع ہو گیا,Umpan balik berhasil dikirim,फीडबैक सफलतापूर्वक सबमिट किया गया,Отзыв успешно отправлен,Geri bildirim başarıyla gönderildi,系统弹窗/提示条文案，需检查确认、取消、异常提示和浏览器场景,
系统提示/弹窗/权限,反馈弹窗 - 反馈提交失败，请重试,反馈提交失败，请重试,反饋提交失敗，請重試,"Failed to submit feedback, please try again","Gửi phản hồi thất bại, vui lòng thử lại",فشل في إرسال الملاحظات، يرجى المحاولة,"No se pudieron enviar los comentarios, inténtalo de nuevo","Falha ao enviar feedback, tente novamente","Échec de l'envoi du feedback, veuillez réessayer",フィードバックの送信に失敗しました。お試しください,피드백 제출에 실패했습니다. 다시 시도해주세요,فیڈبیک جمع کرنے میں ناکام، براہ کرم دوبارہ کوشش کریں,"Gagal mengirim umpan balik, silakan coba lagi","फीडबैक सबमिट करने में विफल, कृपया फिर प्रयास करें","Не удалось отправить отзыв, попробуйте снова","Geri bildirim gönderilemedi, lütfen tekrar deneyin",系统弹窗/提示条文案，需检查确认、取消、异常提示和浏览器场景,
系统提示/弹窗/权限,浏览器/PWA 系统提示条 - 关闭提示,关闭提示,關閉通知,Close notice,Đóng thông báo,إغلاق الإشعار,Cerrar aviso,Fechar aviso,Fermer l avis,通知を閉じる,알림 닫기,نوٹس بند کریں,Tutup pemberitahuan,सूचना बंद करें,Закрыть уведомление,Bildirimi kapat,系统弹窗/提示条文案，需检查确认、取消、异常提示和浏览器场景,
系统提示/弹窗/权限,浏览器/PWA 系统提示条 - 发现新版本,发现新版本,新版本可用,New version available,Đã có phiên bản mới,يتوفر إصدار جديد,Hay una nueva version disponible,Nova versao disponivel,Nouvelle version disponible,新しいバージョンがあります,새 버전을 사용할 수 있습니다,نیا ورژن دستیاب ہے,Versi baru tersedia,नया संस्करण उपलब्ध है,Доступна новая версия,Yeni surum mevcut,系统弹窗/提示条文案，需检查确认、取消、异常提示和浏览器场景,
系统提示/弹窗/权限,浏览器/PWA 系统提示条 - 重新加载以应用最新资源和离线缓存。,重新加载以应用最新资源和离线缓存。,重新載入以應用最新的應用程式資源和離線快取。,Reload to apply the latest app resources and offline cache.,Tải lại để áp dụng tài nguyên ứng dụng mới nhất và bộ nhớ đệm ngoại tuyến.,أعد التحميل لتطبيق أحدث موارد التطبيق وذاكرة التخزين المؤقت دون اتصال.,Recarga para aplicar los recursos mas recientes de la app y la cache sin conexion.,Recarregue para aplicar os recursos mais recentes do app e o cache offline.,Rechargez pour appliquer les dernieres ressources de l application et le cache hors ligne.,再読み込みして、最新のアプリリソースとオフラインキャッシュを適用します。,최신 앱 리소스와 오프라인 캐시를 적용하려면 다시 불러오세요.,تازہ ترین ایپ وسائل اور آف لائن کیش لاگو کرنے کے لیے دوبارہ لوڈ کریں۔,Muat ulang untuk menerapkan resource aplikasi terbaru dan cache offline.,नवीनतम ऐप संसाधन और ऑफलाइन कैश लागू करने के लिए रीलोड करें।,"Перезагрузите, чтобы применить последние ресурсы приложения и офлайн-кэш.",En son uygulama kaynaklarini ve cevrimdisi onbellegi uygulamak icin yeniden yukleyin.,系统弹窗/提示条文案，需检查确认、取消、异常提示和浏览器场景,
系统提示/弹窗/权限,浏览器/PWA 系统提示条 - 立即重新加载,立即重新加载,立即重新載入,Reload now,Tải lại ngay,إعادة التحميل الآن,Recargar ahora,Recarregar agora,Recharger maintenant,今すぐ再読み込み,지금 다시 불러오기,ابھی دوبارہ لوڈ کریں,Muat ulang sekarang,अभी रीलोड करें,Перезагрузить сейчас,Simdi yeniden yukle,系统弹窗/提示条文案，需检查确认、取消、异常提示和浏览器场景,
系统提示/弹窗/权限,浏览器/PWA 系统提示条 - 无网络连接,无网络连接,無網路連線,No network connection,Không có kết nối mạng,لا يوجد اتصال بالشبكة,Sin conexion de red,Sem conexao de rede,Aucune connexion reseau,ネットワーク接続がありません,네트워크 연결 없음,نیٹ ورک کنکشن نہیں ہے,Tidak ada koneksi jaringan,कोई नेटवर्क कनेक्शन नहीं,Нет подключения к сети,Ag baglantisi yok,系统弹窗/提示条文案，需检查确认、取消、异常提示和浏览器场景,
系统提示/弹窗/权限,浏览器/PWA 系统提示条 - 直播、聊天和行情需要保持网络连接。,直播、聊天和行情需要保持网络连接。,即時、聊天和市場需要活躍的連線。,"Live, chat, and markets require an active connection.","Live, trò chuyện và thị trường cần kết nối mạng đang hoạt động.",البث المباشر والدردشة والأسواق تتطلب اتصالاً نشطاً.,"Live, chat y mercados requieren una conexion activa.","Live, chat e mercados exigem uma conexao ativa.","Le live, le chat et les marches necessitent une connexion active.",ライブ、チャット、マーケットには有効な接続が必要です。,"라이브, 채팅, 마켓 기능은 활성 네트워크 연결이 필요합니다.",لائیو، چیٹ اور مارکیٹس کے لیے فعال کنکشن ضروری ہے۔,"Live, chat, dan market memerlukan koneksi aktif.","Live, chat और markets के लिए सक्रिय कनेक्शन आवश्यक है।","Для Live, чата и рынков требуется активное подключение.","Canli yayin, sohbet ve piyasalar aktif baglanti gerektirir.",系统弹窗/提示条文案，需检查确认、取消、异常提示和浏览器场景,
系统提示/弹窗/权限,浏览器/PWA 系统提示条 - 安装 OnCoin,安装 OnCoin,安裝OnCoin,Install OnCoin,Cài đặt OnCoin,تثبيت OnCoin,Instalar OnCoin,Instalar OnCoin,Installer OnCoin,OnCoinをインストール,OnCoin 설치,OnCoin انسٹال کریں,Instal OnCoin,OnCoin इंस्टॉल करें,Установить OnCoin,OnCoin yukle,系统弹窗/提示条文案，需检查确认、取消、异常提示和浏览器场景,
系统提示/弹窗/权限,浏览器/PWA 系统提示条 - 添加到主屏幕，访问更快，缓存体验更稳定。,添加到主屏幕，访问更快，缓存体验更稳定。,從主螢幕啟動它，以獲得更快的存取速度和更可靠的快取體驗。,Launch it from your home screen for faster access and a more reliable cached experience.,Mở từ màn hình chính để truy cập nhanh hơn và có trải nghiệm bộ nhớ đệm ổn định hơn.,شغّل التطبيق من الشاشة الرئيسية للوصول الأسرع وتجربة تخزين مؤقت أكثر استقراراً.,Abrela desde tu pantalla de inicio para un acceso mas rapido y una cache mas estable.,Abra pela tela inicial para acesso mais rapido e uma experiencia de cache mais estavel.,Lancez-la depuis votre ecran d accueil pour un acces plus rapide et un cache plus fiable.,ホーム画面から起動すると、より速くアクセスでき、キャッシュも安定します。,홈 화면에서 실행하면 더 빠르게 접속하고 더 안정적인 캐시 경험을 얻을 수 있습니다.,تیز رسائی اور زیادہ مستحکم کیش تجربے کے لیے اسے ہوم اسکرین سے چلائیں۔,Buka dari layar beranda untuk akses lebih cepat dan pengalaman cache yang lebih stabil.,तेज़ पहुंच और अधिक स्थिर कैश अनुभव के लिए इसे होम स्क्रीन से लॉन्च करें।,Запускайте с главного экрана для более быстрого доступа и более стабильного кэша.,Daha hizli erisim ve daha kararli onbellek deneyimi icin ana ekrandan baslatin.,系统弹窗/提示条文案，需检查确认、取消、异常提示和浏览器场景,
系统提示/弹窗/权限,浏览器/PWA 系统提示条 - 安装,安装,安裝,Install,Cài đặt,تثبيت,Instalar,Instalar,Installer,インストール,설치,انسٹال کریں,Instal,इंस्टॉल करें,Установить,Yukle,系统弹窗/提示条文案，需检查确认、取消、异常提示和浏览器场景,
系统提示/弹窗/权限,浏览器/PWA 系统提示条 - 添加到主屏幕,添加到主屏幕,新增到主螢幕,Add to Home Screen,Thêm vào Màn hình chính,إضافة إلى الشاشة الرئيسية,Anadir a pantalla de inicio,Adicionar a Tela de Inicio,Ajouter a l ecran d accueil,ホーム画面に追加,홈 화면에 추가,ہوم اسکرین میں شامل کریں,Tambahkan ke Layar Utama,होम स्क्रीन पर जोड़ें,Добавить на экран Домой,Ana Ekrana Ekle,系统弹窗/提示条文案，需检查确认、取消、异常提示和浏览器场景,
系统提示/弹窗/权限,浏览器/PWA 系统提示条 - 在 Safari 中打开分享，并选择添加到主屏幕完成安装。,在 Safari 中打开分享，并选择添加到主屏幕完成安装。,在Safari中，開啟共用並選擇新增至主畫面進行安裝。,"In Safari, open Share and choose Add to Home Screen to install.","Trong Safari, mở Chia sẻ và chọn Thêm vào Màn hình chính để cài đặt.",في Safari، افتح مشاركة ثم اختر إضافة إلى الشاشة الرئيسية للتثبيت.,"En Safari, abre Compartir y elige Anadir a pantalla de inicio para instalar.","No Safari, abra Compartilhar e escolha Adicionar a Tela de Inicio para instalar.","Dans Safari, ouvrez Partager puis choisissez Ajouter a l ecran d accueil pour installer.",Safariで共有を開き、ホーム画面に追加を選んでインストールしてください。,Safari에서 공유를 열고 홈 화면에 추가를 선택해 설치하세요.,Safari میں Share کھولیں اور انسٹال کرنے کے لیے Add to Home Screen منتخب کریں۔,"Di Safari, buka Bagikan lalu pilih Tambahkan ke Layar Utama untuk menginstal.",Safari में Share खोलें और इंस्टॉल करने के लिए Add to Home Screen चुनें।,"В Safari откройте Поделиться и выберите На экран Домой, чтобы установить.",Safari de Paylas i acin ve yuklemek icin Ana Ekrana Ekle secenegini secin.,系统弹窗/提示条文案，需检查确认、取消、异常提示和浏览器场景,
系统提示/弹窗/权限,全站通用消息提示 - 保存失败，请稍后重试,保存失败，请稍后重试,保存失敗,"Failed to save, please try again later","Lưu thất bại, vui lòng thử lại sau",فشل الحفظ، يرجى المحاولة لاحقاً,"No se pudo guardar, inténtalo de nuevo más tarde","Falha ao salvar, tente novamente mais tarde","Échec de l'enregistrement, veuillez réessayer plus tard",保存に失敗しました。しばらくしてからお試しください,저장 실패. 잠시 후 다시 시도해주세요,محفوظ کرنے میں ناکام، براہ کرم بعد میں دوبارہ کوشش کریں,"Gagal menyimpan, silakan coba lagi nanti","सहेजने में विफल, कृपया बाद में पुनः प्रयास करें","Не удалось сохранить, попробуйте позже","Kaydetme başarısız, lütfen daha sonra tekrar deneyin",异常态/空状态/错误提示，需与接口失败、网络异常和空列表状态匹配,
系统提示/弹窗/权限,全站通用消息提示 - 退出登录成功,退出登录成功,登出成功,Logged out successfully,Đăng xuất thành công,تم تسجيل الخروج بنجاح,Sesión cerrada con éxito,Sessão encerrada com sucesso,Déconnexion réussie,ログアウトしました,로그아웃 완료,کامیابی سے لاگ آؤٹ ہو گیا,Berhasil keluar,सफलतापूर्वक लॉग आउट हो गया,Вы успешно вышли,Başarıyla çıkış yapıldı,页面固定系统文案，需纳入 i18n 统一管理并检查多语言显示宽度,
系统提示/弹窗/权限,全站通用消息提示 - 退出登录失败，请重试,退出登录失败，请重试,登出失敗，請重試,"Logout failed, please try again","Đăng xuất thất bại, vui lòng thử lại",فشل تسجيل الخروج، يرجى المحاولة,"Error al cerrar sesión, inténtalo de nuevo","Falha ao sair, tente novamente","Échec de la déconnexion, veuillez réessayer",ログアウトに失敗しました。お試しください,로그아웃 실패. 잠시 후 다시 시도해주세요,لاگ آؤٹ ناکام، براہ کرم دوبارہ کوشش کریں,"Gagal keluar, silakan coba lagi","लॉग आउट विफल, कृपया पुनः प्रयास करें","Не удалось выйти, попробуйте снова","Çıkış başarısız, lütfen tekrar deneyin",异常态/空状态/错误提示，需与接口失败、网络异常和空列表状态匹配,
系统提示/弹窗/权限,全站通用消息提示 - 审核中，请稍候。,审核中，请稍候。,審核中，請稍候。,"Review in progress, please wait.","Đang xét duyệt, vui lòng chờ.",المراجعة جارية، يرجى الانتظار.,"Revisión en curso, por favor espera.","Revisão em andamento, aguarde.","Révision en cours, veuillez patienter.",審査中です。お待ちください。,검토 중입니다. 잠시만 기다려주세요.,جائزہ جاری ہے، براہ کرم انتظار کریں۔,"Peninjauan sedang berlangsung, silakan tunggu.","समीक्षा चल रही है, कृपया प्रतीक्षा करें।","Проверка выполняется, подождите","İnceleme sürüyor, lütfen bekleyin.",页面固定系统文案，需纳入 i18n 统一管理并检查多语言显示宽度,
系统提示/弹窗/权限,全站通用消息提示 - 消息发送失败,消息发送失败,發送訊息失敗,Failed to send message,Gửi tin nhắn thất bại,فشل في إرسال الرسالة,No se pudo enviar el mensaje,Falha ao enviar mensagem,Échec de l'envoi du message,メッセージの送信に失敗しました,메시지 전송 실패,پیغام بھیجنے میں ناکام,Gagal mengirim pesan,संदेश भेजने में विफल,Не удалось отправить сообщение,Mesaj gönderilemedi,异常态/空状态/错误提示，需与接口失败、网络异常和空列表状态匹配,
系统提示/弹窗/权限,全站通用消息提示 - 图片发送成功,图片发送成功,圖片發送成功,Image sent successfully,Gửi ảnh thành công,تم إرسال الصورة بنجاح,Imagen enviada correctamente,Imagem enviada com sucesso,Image envoyée avec succès,画像を送信しました,이미지 전송 완료,تصویر کامیابی سے بھیجی گئی,Gambar berhasil dikirim,छवि सफलतापूर्वक भेजी गई,Изображение успешно отправлено,Görsel başarıyla gönderildi,页面固定系统文案，需纳入 i18n 统一管理并检查多语言显示宽度,
系统提示/弹窗/权限,全站通用消息提示 - 视频发送成功,视频发送成功,影片發送成功,Video sent successfully,Gửi video thành công,تم إرسال الفيديو بنجاح,Video enviado correctamente,Vídeo enviado com sucesso,Vidéo envoyée avec succès,動画を送信しました,동영상 전송 완료,ویڈیو کامیابی سے بھیجی گئی,Video berhasil dikirim,वीडियो सफलतापूर्वक भेजा गया,Видео успешно отправлено,Video başarıyla gönderildi,页面固定系统文案，需纳入 i18n 统一管理并检查多语言显示宽度,
系统提示/弹窗/权限,全站通用消息提示 - 文件发送失败,文件发送失败,發送檔案失敗,Failed to send file,Gửi tệp thất bại,فشل في إرسال الملف,No se pudo enviar el archivo,Falha ao enviar arquivo,Échec de l'envoi du fichier,ファイルの送信に失敗しました,파일 전송에 실패했습니다,فائل بھیجنے میں ناکام,Gagal mengirim file,फ़ाइल भेजने में विफल,Не удалось отправить файл,Dosya gönderilemedi,异常态/空状态/错误提示，需与接口失败、网络异常和空列表状态匹配,
系统提示/弹窗/权限,全站通用消息提示 - 仅支持图片和视频文件,仅支持图片和视频文件,僅支持圖片與影片檔案,Only image and video files are supported,Chỉ hỗ trợ tệp ảnh và video,يدعم النظام ملفات الصور والفيديو فقط,Solo se admiten archivos de imagen y video,Somente arquivos de imagem e vídeo são suportados,Seuls les fichiers image et vidéo sont pris en charge,画像と動画ファイルのみ対応しています,이미지 및 동영상 파일만 지원됩니다,صرف تصویر اور ویڈیو فائلیں سپورٹ کی جاتی ہیں,Hanya file gambar dan video yang didukung,केवल छवि और वीडियो फ़ाइलें समर्थित हैं,Поддерживаются только файлы изображений и видео,Yalnızca görsel ve video dosyaları desteklenir,页面固定系统文案，需纳入 i18n 统一管理并检查多语言显示宽度,
系统提示/弹窗/权限,全站通用消息提示 - 请选择图片文件,请选择图片文件,請選擇圖片檔案,Please select an image file,Vui lòng chọn tệp ảnh,يرجى اختيار ملف صورة,Selecciona un archivo de imagen,Selecione um arquivo de imagem,Veuillez sélectionner un fichier image,画像ファイルを選択してください,이미지 파일을 선택해주세요,براہ کرم ایک تصویر فائل منتخب کریں,Silakan pilih file gambar,कृपया एक छवि फ़ाइल चुनें,"Пожалуйста, выберите изображение",Lütfen bir görsel dosyası seçin,页面固定系统文案，需纳入 i18n 统一管理并检查多语言显示宽度,
系统提示/弹窗/权限,全站通用消息提示 - 上传失败：未返回 URL,上传失败：未返回 URL,上傳失敗：未返回 URL,Upload failed: no URL returned,Tải lên thất bại: không nhận được URL,فشل الرفع: لم يتم إرجاع رابط,Error al subir: no se devolvió URL,Falha no envio: nenhuma URL retornada,Échec du téléversement: aucune URL renvoyée,アップロードに失敗しました：URLが返されませんでした,업로드 실패: URL이 반환되지 않았습니다,اپ لوڈ ناکام: کوئی URL واپس نہیں دیا گیا,Unggah gagal: tidak ada URL yang dikembalikan,अपलोड विफल: कोई URL लौटाया नहीं,Ошибка загрузки: URL не получен,Yükleme başarısız: URL dönmedi,异常态/空状态/错误提示，需与接口失败、网络异常和空列表状态匹配,
系统提示/弹窗/权限,全站通用消息提示 - 主播信息不完整,主播信息不完整,主播資訊不完整,Streamer information is incomplete,Thông tin streamer chưa đầy đủ,معلومات مقدّم البث غير مكتملة,La información del streamer está incompleta,As informações do streamer estão incompletas,Les informations du streamer sont incomplètes,配信者情報が不完全です,스트리머 정보가 불완전합니다,سٹریمر کی معلومات نامکمل ہیں,Informasi streamer tidak lengkap,स्ट्रीमर की जानकारी अधूरी है,Информация о стримере неполная,Yayıncı bilgisi eksik,页面固定系统文案，需纳入 i18n 统一管理并检查多语言显示宽度,
系统提示/弹窗/权限,全站通用消息提示 - 已取消关注,已取消关注,已取消關注,Unfollowed,Đã bỏ theo dõi,تم إلغاء المتابعة,Dejaste de seguir,Deixou de seguir,Désabonné,フォローを解除しました,팔로우 해제됨,انفالو کر دیا گیا,Berhenti mengikuti,अनफॉलो किया गया,Отписка выполнена,Takip bırakıldı,页面固定系统文案，需纳入 i18n 统一管理并检查多语言显示宽度,
系统提示/弹窗/权限,全站通用消息提示 - 关注成功,关注成功,關注成功,Followed successfully,Theo dõi thành công,تمت المتابعة بنجاح,Seguido con éxito,Seguido com sucesso,Suivi avec succès,フォローしました,팔로우가 완료되었습니다,کامیابی سے فالو کیا گیا,Berhasil mengikuti,सफलतापूर्वक फॉलो किया गया,Подписка оформлена,Başarıyla takip edildi,页面固定系统文案，需纳入 i18n 统一管理并检查多语言显示宽度,
系统提示/弹窗/权限,全站通用消息提示 - 上传失败,上传失败,上傳失敗,Upload failed,Tải lên thất bại,فشل الرفع,Error al subir,Falha no envio,Échec du téléversement,アップロードに失敗しました,업로드 실패,اپ لوڈ ناکام,Unggah gagal,अपलोड विफल,Ошибка загрузки,Yükleme başarısız,异常态/空状态/错误提示，需与接口失败、网络异常和空列表状态匹配,
系统提示/弹窗/权限,全站通用消息提示 - 已删除,已删除,已刪除,Deleted,Đã xóa,تم الحذف,Eliminado,Excluído,Supprimé,削除しました,삭제됨,حذف ہو گیا,Dihapus,हटा दिया गया,Удалено,Silindi,页面固定系统文案，需纳入 i18n 统一管理并检查多语言显示宽度,
系统提示/弹窗/权限,全站通用消息提示 - 删除失败，请稍后重试,删除失败，请稍后重试,刪除失敗,"Failed to delete, please try again later","Xóa thất bại, vui lòng thử lại sau",فشل في الحذف، يرجى المحاولة لاحقاً,"No se pudo eliminar, inténtalo de nuevo más tarde","Falha ao excluir, tente novamente mais tarde","Échec de la suppression, veuillez réessayer plus tard",削除に失敗しました。しばらくしてからお試しください,삭제에 실패했습니다. 잠시 후 다시 시도해주세요,حذف کرنے میں ناکام، براہ کرم بعد میں دوبارہ کوشش کریں,"Gagal menghapus, silakan coba lagi nanti","हटाने में विफल, कृपया बाद में पुनः प्रयास करें","Не удалось удалить, попробуйте позже","Silme başarısız, lütfen daha sonra tekrar deneyin",异常态/空状态/错误提示，需与接口失败、网络异常和空列表状态匹配,
系统提示/弹窗/权限,全站通用消息提示 - 没有变更,没有变更,沒有變更,No changes made,Không có thay đổi,لا توجد تغييرات,Sin cambios,Nenhuma alteração,Aucune modification,変更はありません,변경 사항이 없습니다,کوئی تبدیلی نہیں,Tidak ada perubahan,कोई बदलाव नहीं,Изменений нет,Değişiklik yok,异常态/空状态/错误提示，需与接口失败、网络异常和空列表状态匹配,
系统提示/弹窗/权限,全站通用消息提示 - 图片大小不能超过 2MB,图片大小不能超过 2MB,圖片大小不可超過 2MB,Image size cannot exceed 2MB,Kích thước ảnh không được vượt quá 2MB,حجم الصورة لا يمكن أن يتجاوز 2MB,El tamaño de la imagen no puede superar 2MB,O tamanho da imagem não pode exceder 2MB,La taille de l'image ne peut pas dépasser 2 Mo,画像サイズは2MB以下にしてください,이미지 크기는 2MB를 초과할 수 없습니다,تصویر کا سائز 2MB سے زیادہ نہیں ہو سکتا,Ukuran gambar tidak boleh melebihi 2MB,छवि का आकार 2MB से अधिक नहीं हो सकता,Размер изображения не должен превышать 2 МБ,Görsel boyutu 2MB'ı aşamaz,页面固定系统文案，需纳入 i18n 统一管理并检查多语言显示宽度,
系统提示/弹窗/权限,直播间/预约直播流程 - 举报直播,举报直播,舉報直播,Report Live,Báo cáo live,إبلاغ عن البث المباشر,Reportar en vivo,Denunciar Live,Signaler le live,ライブを通報,라이브 신고,لائیو رپورٹ کریں,Laporkan Live,लाइव रिपोर्ट करें,Пожаловаться на эфир,Canlı Yayını Şikayet Et,直播核心流程文案，需确认预约、关注、发送等按钮状态切换正常,
系统提示/弹窗/权限,直播间/预约直播流程 - 举报原因,举报原因,舉報原因,Report Reason,Lý do báo cáo,سبب الإبلاغ,Motivo del reporte,Motivo da Denúncia,Motif du signalement,通報理由,신고 사유,رپورٹ کی وجہ,Alasan Laporan,रिपोर्ट कारण,Причина жалобы,Şikayet Nedeni,直播核心流程文案，需确认预约、关注、发送等按钮状态切换正常,
系统提示/弹窗/权限,直播间/预约直播流程 - 请描述举报原因,请描述举报原因,請描述舉報原因,Please describe the reason for reporting,Vui lòng mô tả lý do báo cáo,يرجى وصف سبب الإبلاغ,Describe el motivo del reporte,Descreva o motivo da denúncia,Veuillez décrire le motif du signalement,通報理由を記入してください,신고 사유를 설명해주세요,براہ کرم رپورٹ کی وجہ بیان کریں,Silakan jelaskan alasan pelaporan,कृपया रिपोर्ट करने का कारण बताएं,Опишите причину жалобы,Şikayet nedenini açıklayın,直播核心流程文案，需确认预约、关注、发送等按钮状态切换正常,
系统提示/弹窗/权限,直播间/预约直播流程 - 提交举报,提交举报,提交舉報,Submit Report,Gửi báo cáo,إرسال الإبلاغ,Enviar reporte,Enviar Denúncia,Envoyer le signalement,通報を送信,신고 제출,رپورٹ جمع کریں,Kirim Laporan,रिपोर्ट सबमिट करें,Отправить жалобу,Şikayeti Gönder,直播核心流程文案，需确认预约、关注、发送等按钮状态切换正常,
系统提示/弹窗/权限,直播间/预约直播流程 - 举报提交成功,举报提交成功,提交成功,Report submitted successfully,Gửi báo cáo thành công,تم إرسال الإبلاغ بنجاح,Reporte enviado con éxito,Denúncia enviada com sucesso,Signalement envoyé avec succès,通報を送信しました,신고가 접수되었습니다,رپورٹ کامیابی سے جمع ہو گئی,Laporan berhasil dikirim,रिपोर्ट सफलतापूर्वक सबमिट हुई,Жалоба успешно отправлена,Şikayet başarıyla gönderildi,直播核心流程文案，需确认预约、关注、发送等按钮状态切换正常,
系统提示/弹窗/权限,直播间/预约直播流程 - 举报提交失败,举报提交失败,提交失敗,Failed to submit report,Gửi báo cáo thất bại,فشل إرسال الإبلاغ,No se pudo enviar el reporte,Falha ao enviar denúncia,Échec de l'envoi du signalement,通報の送信に失敗しました,신고 제출에 실패했습니다,رپورٹ جمع کرنے میں ناکام,Gagal mengirim laporan,रिपोर्ट सबमिट करने में विफल,Не удалось отправить жалобу,Şikayet gönderilemedi,直播核心流程文案，需确认预约、关注、发送等按钮状态切换正常,
系统提示/弹窗/权限,直播间/预约直播流程 - 选择举报原因,选择举报原因,選擇舉報原因,Reason for Reporting,Vui lòng chọn lý do báo cáo buổi live này,اختر سبب الإبلاغ,Motivo del reporte,Selecione o motivo para denunciar esta transmissão,Veuillez sélectionner le motif du signalement de ce live,このライブ配信を通報する理由を選択してください,신고 사유,رپورٹ کی وجہ,Silakan pilih alasan untuk melaporkan live stream ini,रिपोर्ट का कारण,"Пожалуйста, выберите причину жалобы на этот эфир",Bu canlı yayını şikayet etme nedenini seçin,直播核心流程文案，需确认预约、关注、发送等按钮状态切换正常,
系统提示/弹窗/权限,直播间/预约直播流程 - 请选择原因,请选择原因...,請選擇原因...,Select a reason...,Chọn một lý do...,اختر سبباً...,Selecciona un motivo...,Selecione um motivo...,Sélectionner un motif...,理由を選択...,사유를 선택하세요...,ایک وجہ منتخب کریں...,Pilih alasan...,एक कारण चुनें...,Выберите причину...,Bir neden seçin...,直播核心流程文案，需确认预约、关注、发送等按钮状态切换正常,
系统提示/弹窗/权限,直播间/预约直播流程 - 暂无可用原因,暂无可用原因,暫無可用原因,No reasons available,Không có lý do khả dụng,لا توجد أسباب متاحة,No hay motivos disponibles,Nenhum motivo disponível,Aucun motif disponible,利用可能な理由がありません,사용 가능한 사유가 없습니다,کوئی وجہ دستیاب نہیں,Tidak ada alasan tersedia,कोई कारण उपलब्ध नहीं,Причины недоступны,Uygun neden yok,直播核心流程文案，需确认预约、关注、发送等按钮状态切换正常,
系统提示/弹窗/权限,直播间/预约直播流程 - 补充说明（选填）,补充说明（选填）,補充說明（選填）,Additional details (optional),Chi tiết bổ sung (tùy chọn),تفاصيل إضافية (اختياري),Detalles adicionales (opcional),Detalhes adicionais (opcional),Détails supplémentaires (optionnel),追加情報（任意）,추가 정보 (선택),اضافی تفصیلات (اختیاری),Detail tambahan (opsional),अतिरिक्त विवरण (वैकल्पिक),Дополнительные детали (необязательно),Ek detaylar (isteğe bağlı),直播核心流程文案，需确认预约、关注、发送等按钮状态切换正常,
系统提示/弹窗/权限,直播间/预约直播流程 - 请补充更多信息,请补充更多信息...,請補充更多資訊...,Provide more information..,Cung cấp thêm thông tin..,يرجى تقديم المزيد من المعلومات..,Proporciona más información..,Forneça mais informações..,Fournissez plus d'informations..,詳細な情報を入力してください...,더 자세한 정보를 입력하세요..,مزید معلومات فراہم کریں..,Berikan informasi lebih lanjut..,अधिक जानकारी दें..,Добавьте больше информации...,Daha fazla bilgi sağlayın..,直播核心流程文案，需确认预约、关注、发送等按钮状态切换正常,
系统提示/弹窗/权限,直播间/预约直播流程 - 提交中,提交中...,提交中...,Submitting...,Đang gửi...,جارٍ الإرسال...,Enviando...,Enviando...,Envoi...,送信中...,제출 중...,جمع کیا جا رہا ہے...,Mengirim...,सबमिट हो रहा है...,Отправка...,Gönderiliyor...,直播核心流程文案，需确认预约、关注、发送等按钮状态切换正常,
系统提示/弹窗/权限,直播间/预约直播流程 - 录制已开始,录制已开始,錄製已開始,Recording started,Đã bắt đầu ghi hình,بدأ التسجيل,Grabación iniciada,Gravação iniciada,Enregistrement démarré,録画を開始しました,녹화 시작됨,ریکارڈنگ شروع ہو گئی,Perekaman dimulai,रिकॉर्डिंग शुरू हुई,Запись началась,Kayıt başladı,直播核心流程文案，需确认预约、关注、发送等按钮状态切换正常,
系统提示/弹窗/权限,直播间/预约直播流程 - 录制已停止,录制已停止,錄製已停止,Recording stopped,Đã dừng ghi hình,تم إيقاف التسجيل,Grabación detenida,Gravação interrompida,Enregistrement arrêté,録画を停止しました,녹화 중지됨,ریکارڈنگ روک دی گئی,Perekaman dihentikan,रिकॉर्डिंग बंद हुई,Запись остановлена,Kayıt durduruldu,直播核心流程文案，需确认预约、关注、发送等按钮状态切换正常,
系统提示/弹窗/权限,直播间/预约直播流程 - 结束直播,结束直播,結束直播,End Live,Kết thúc live,إنهاء البث المباشر,Finalizar transmisión en vivo,Encerrar Live,Terminer le live,ライブ配信を終了,라이브 종료,لائیو اسٹریم ختم کریں,Akhiri Live Stream,लाइव स्ट्रीम समाप्त करें,Завершить эфир,Canlı Yayını Bitir,直播核心流程文案，需确认预约、关注、发送等按钮状态切换正常,
系统提示/弹窗/权限,直播间/预约直播流程 - 确认结束直播？,确认结束直播？,確認結束直播？,End stream?,Kết thúc buổi phát?,إنهاء البث؟,¿Finalizar transmisión?,Encerrar transmissão?,Terminer le stream ?,配信を終了しますか？,라이브를 종료할까요?,اسٹریم ختم کریں؟,Akhiri stream?,स्ट्रीम समाप्त करें?,Завершить эфир?,Yayın bitsin mi?,直播核心流程文案，需确认预约、关注、发送等按钮状态切换正常,
系统提示/弹窗/权限,直播间/预约直播流程 - 结束直播后，观众将无法继续观看。确认结束吗？,结束直播后，观众将无法继续观看。确认结束吗？,結束直播後，觀眾將無法繼續觀看。確認結束嗎？,"After ending the live stream, viewers will no longer beable to watch.Are you sure you want to end it?","Sau khi kết thúc live, người xem sẽ không thể tiếp tục xem. Bạn có chắc muốn kết thúc?",بعد إنهاء البث المباشر، لن يتمكن المشاهدون من المشاهدة بعد الآن. هل أنت متأكد أنك تريد إنهاءه؟,"Después de finalizar la transmisión en vivo, los espectadores ya no podrán verla. ¿Seguro que deseas finalizarla?","Após encerrar a live, os espectadores não poderão mais assistir. Tem certeza de que deseja encerrar?","Après la fin du live, les spectateurs ne pourront plus le regarder. Voulez-vous vraiment le terminer ?",ライブ配信を終了すると、視聴者は視聴できなくなります。本当に終了しますか？,라이브 종료 후에는 시청자가 더 이상 시청할 수 없습니다. 정말 종료하시겠습니까?,لائیو اسٹریم ختم کرنے کے بعد ناظرین مزید نہیں دیکھ سکیں گے۔ کیا آپ واقعی ختم کرنا چاہتے ہیں؟,"Setelah live stream diakhiri, penonton tidak dapat lagi menonton. Apakah Anda yakin ingin mengakhirinya?",लाइव स्ट्रीम समाप्त करने के बाद दर्शक इसे नहीं देख पाएंगे। क्या आप वाकई समाप्त करना चाहते हैं?,"После завершения эфира зрители больше не смогут его смотреть. Вы уверены, что хотите завершить?",Canlı yayın bittikten sonra izleyiciler artık izleyemez. Bitirmek istediğinize emin misiniz?,直播核心流程文案，需确认预约、关注、发送等按钮状态切换正常,
系统提示/弹窗/权限,直播间/预约直播流程 - 直播已结束,直播已结束,直播已結束,Live stream has ended,Buổi live đã kết thúc,انتهى البث المباشر,La transmisión en vivo ha finalizado,A live foi encerrada,Le live est terminé,ライブ配信を終了しました,라이브 스트림이 종료되었습니다,لائیو اسٹریم ختم ہو گئی,Live stream telah berakhir,लाइव स्ट्रीम समाप्त हो गई है,Эфир завершён,Canlı yayın sona erdi,直播核心流程文案，需确认预约、关注、发送等按钮状态切换正常,
系统提示/弹窗/权限,直播间/预约直播流程 - 结束直播失败，请稍后重试,结束直播失败，请稍后重试,結束直播失敗，請稍後再試,"Failed to end live, please try again later","Kết thúc live thất bại, vui lòng thử lại sau",فشل إنهاء البث، يرجى المحاولة لاحقاً,"No se pudo finalizar el en vivo, inténtalo de nuevo más tarde","Falha ao encerrar live, tente novamente mais tarde","Échec de la fin du live, veuillez réessayer plus tard",ライブ配信の終了に失敗しました。しばらくしてからお試しください,라이브 종료에 실패했습니다. 잠시 후 다시 시도해주세요,لائیو ختم کرنے میں ناکام، براہ کرم بعد میں دوبارہ کوشش کریں,"Gagal mengakhiri live, silakan coba lagi nanti","लाइव समाप्त करने में विफल, कृपया बाद में फिर प्रयास करें","Не удалось завершить эфир, попробуйте позже","Canlı yayın sonlandırılamadı, lütfen daha sonra tekrar deneyin",直播核心流程文案，需确认预约、关注、发送等按钮状态切换正常,
系统提示/弹窗/权限,直播间/预约直播流程 - 取消直播,取消直播,取消直播,Cancel Live,Hủy buổi live,إلغاء البث المباشر,Cancelar transmisión en vivo,Cancelar Live,Annuler le live,ライブ配信をキャンセル,라이브 종료 취소,لائیو اسٹریم منسوخ کریں,Batalkan Live Stream,लाइव स्ट्रीम रद्द करें,Отменить эфир,Canlı Yayını İptal Et,直播核心流程文案，需确认预约、关注、发送等按钮状态切换正常,
系统提示/弹窗/权限,直播间/预约直播流程 - 取消后本场直播将不会生成回放，确认取消吗？,取消后本场直播将不会生成回放，确认取消吗？,取消後本場直播將不會生成回放，確認取消嗎？,"After cancelling, this live will not have a replay. Are you sure you want to cancel?","Sau khi hủy, buổi live này sẽ không có phát lại. Bạn có chắc muốn hủy?",بعد الإلغاء، لن يكون لهذا البث إعادة مشاهدة. هل أنت متأكد أنك تريد إلغاءه؟,"Después de cancelar, este en vivo no tendrá repetición. ¿Seguro que deseas cancelarlo?","Após cancelar, esta live não terá replay. Tem certeza de que deseja cancelar?","Après annulation, ce live n'aura pas de replay. Voulez-vous vraiment l'annuler ?",キャンセルすると、このライブ配信はアーカイブされません。本当にキャンセルしますか？,취소하면 이 라이브는 다시보기가 제공되지 않습니다. 정말 취소하시겠습니까?,منسوخی کے بعد اس لائیو کا ری پلے نہیں ہوگا۔ کیا آپ واقعی منسوخ کرنا چاہتے ہیں؟,"Setelah dibatalkan, live ini tidak akan memiliki replay. Apakah Anda yakin ingin membatalkan?",रद्द करने के बाद इस लाइव का रीप्ले उपलब्ध नहीं होगा। क्या आप वाकई रद्द करना चाहते हैं?,"После отмены у этого эфира не будет повтора. Вы уверены, что хотите отменить?",İptal ederseniz bu canlı yayının tekrarı olmayacaktır. İptal etmek istediğinize emin misiniz?,直播核心流程文案，需确认预约、关注、发送等按钮状态切换正常,
系统提示/弹窗/权限,直播间/预约直播流程 - 直播已取消,直播已取消,直播已取消,Live has been cancelled,Buổi live đã được hủy,تم إلغاء البث,El en vivo ha sido cancelado,A live foi cancelada,Le live a été annulé,ライブ配信をキャンセルしました,라이브가 취소되었습니다,لائیو منسوخ کر دی گئی,Live telah dibatalkan,लाइव रद्द कर दी गई है,Эфир отменён,Canlı yayın iptal edildi,直播核心流程文案，需确认预约、关注、发送等按钮状态切换正常,
系统提示/弹窗/权限,直播间/预约直播流程 - 取消直播失败，请稍后重试,取消直播失败，请稍后重试,取消直播失敗，請稍後再試,"Failed to cancel live, please try again later","Hủy live thất bại, vui lòng thử lại sau",فشل في إلغاء البث، يرجى المحاولة لاحقاً,"No se pudo cancelar el en vivo, inténtalo de nuevo más tarde","Falha ao cancelar live, tente novamente mais tarde","Échec de l'annulation du live, veuillez réessayer plus tard",ライブ配信のキャンセルに失敗しました。しばらくしてからお試しください,라이브 취소에 실패했습니다. 잠시 후 다시 시도해주세요,لائیو منسوخ کرنے میں ناکام، براہ کرم بعد میں دوبارہ کوشش کریں,"Gagal membatalkan live, silakan coba lagi nanti","लाइव रद्द करने में विफल, कृपया बाद में फिर प्रयास करें","Не удалось отменить эфир, попробуйте позже","Canlı yayın iptal edilemedi, lütfen daha sonra tekrar deneyin",直播核心流程文案，需确认预约、关注、发送等按钮状态切换正常,
系统提示/弹窗/权限,直播间/预约直播流程 - 长时间未推流自动关播,因长时间未推流，直播间已关闭，请重新开播。,因長時間未推流，直播間已關閉，請重新開播。,"Due to prolonged inactivity without streaming, the live room has been closed. Please go live again.","Do không phát trực tiếp trong thời gian dài, phòng live đã bị đóng. Vui lòng phát lại.",تم إغلاق غرفة البث لعدم البث لفترة طويلة. يرجى البدء بالبث مرة أخرى.,La sala en vivo se ha cerrado por inactividad prolongada sin transmisión. Vuelve a emitir en directo.,A sala ao vivo foi encerrada por inatividade prolongada sem transmissão. Inicie a transmissão novamente.,La salle en direct a été fermée en raison d'une inactivité prolongée sans diffusion. Veuillez relancer le live.,長時間推流されなかったため、ライブルームは終了しました。再度配信を開始してください。,장시간 스트리밍이 없어 라이브룸이 종료되었습니다. 다시 방송을 시작해 주세요.,طویل عرصے تک اسٹریم نہ ہونے کی وجہ سے لائیو روم بند کر دیا گیا ہے۔ براہ کرم دوبارہ لائیو شروع کریں۔,Ruang live ditutup karena tidak ada streaming dalam waktu lama. Silakan mulai siaran lagi.,लंबे समय तक स्ट्रीमिंग न होने के कारण लाइव रूम बंद कर दिया गया है। कृपया फिर से लाइव शुरू करें।,"Комната прямого эфира закрыта из-за длительного отсутствия трансляции. Пожалуйста, начните эфир снова.",Uzun süre yayın yapılmadığı için canlı oda kapatıldı. Lütfen yeniden yayına başlayın.,主播侧长时间未推流时系统自动关播提示,
系统提示/弹窗/权限,直播间/预约直播流程 - 竞猜,竞猜,預測,Prediction,Dự đoán,توقع,Predicción,Previsão,Prédiction,予測,예측,پیش گوئی,Prediksi,भविष्यवाणी,Прогноз,Tahmin,直播核心流程文案，需确认预约、关注、发送等按钮状态切换正常,
系统提示/弹窗/权限,直播间/预约直播流程 - 本轮竞猜进行中，倒计时结束后可判定结果。,本轮竞猜进行中，倒计时结束后可判定结果。,本輪進行中，倒數結束後可進行判定。,A round is in progress. You can judge after the countdown ends.,Vòng đang diễn ra. Bạn có thể phán định sau khi hết đếm ngược.,جولة قيد التنفيذ. يمكنك الحكم بعد انتهاء العد التنازلي.,Hay una ronda en curso. Podrás resolverla tras la cuenta atrás.,Há uma rodada em andamento. Você pode julgar após a contagem regressiva.,Une manche est en cours. Vous pourrez juger après le compte à rebours.,ラウンド進行中です。カウントダウン終了後に判定できます。,라운드가 진행 중입니다. 카운트다운 종료 후 판정할 수 있습니다.,ایک راؤنڈ جاری ہے۔ الٹی گنتی کے بعد فیصلہ کر سکتے ہیں۔,Putaran sedang berlangsung. Kamu dapat menilai setelah hitung mundur berakhir.,एक राउंड चल रहा है। काउंटडाउन के बाद निर्णय दें।,Раунд уже идёт. Вердикт можно вынести после таймера.,Bir tur devam ediyor. Geri sayım bitince karar verebilirsin.,直播核心流程文案，需确认预约、关注、发送等按钮状态切换正常,
系统提示/弹窗/权限,直播间/预约直播流程 - 竞猜进行中,竞猜进行中,預測進行中,Prediction in progress,Dự đoán đang diễn ra,توقع قيد التنفيذ,Predicción en curso,Previsão em andamento,Prédiction en cours,予測進行中,예측 진행 중,پیش گوئی جاری ہے,Prediksi sedang berlangsung,भविष्यवाणी चल रही है,Прогноз идёт,Tahmin devam ediyor,直播核心流程文案，需确认预约、关注、发送等按钮状态切换正常,
系统提示/弹窗/权限,直播间/预约直播流程 - 倒计时结束后，需要由主播手动判定结果。,倒计时结束后，需要由主播手动判定结果。,倒數結束後，您需手動判定結果。,"After the countdown ends, you will determine the outcome manually.","Sau khi hết đếm ngược, bạn sẽ tự phán định kết quả.",بعد انتهاء العد التنازلي، ستحدد النتيجة يدوياً.,"Tras la cuenta atrás, determinarás el resultado manualmente.","Após a contagem regressiva, você define o resultado manualmente.","Après le compte à rebours, vous déterminerez le résultat manuellement.",カウントダウン終了後、手動で結果を判定します。,카운트다운이 끝나면 수동으로 결과를 판정합니다.,الٹی گنتی کے بعد آپ دستی طور پر نتیجہ طے کریں گے۔,"Setelah hitung mundur berakhir, kamu akan menentukan hasil secara manual.",काउंटडाउन के बाद आप मैन्युअल रूप से परिणाम तय करेंगे।,После таймера вы вручную определите исход.,Geri sayım bitince sonucu elle belirleyeceksin.,直播核心流程文案，需确认预约、关注、发送等按钮状态切换正常,
系统提示/弹窗/权限,直播间/预约直播流程 - 判定结果,判定结果,判定結果,Judge outcome,Phán định kết quả,حسم النتيجة,Resolver resultado,Julgar resultado,Trancher le résultat,結果を判定,결과 판정,نتیجہ طے کریں,Nilai hasil,परिणाम तय करें,Вынести вердикт,Sonucu belirle,直播核心流程文案，需确认预约、关注、发送等按钮状态切换正常,
系统提示/弹窗/权限,直播间/预约直播流程 - 判定结果（倒计时未结束）,判定结果（倒计时未结束）,判定結果（倒數尚未結束）,Judge outcome (countdown not finished),Phán định kết quả (chưa hết đếm ngược),حسم النتيجة (العد التنازلي لم ينته),Resolver resultado (cuenta atrás sin terminar),Julgar resultado (contagem não terminou),Trancher le résultat (compte à rebours non terminé),結果を判定（カウントダウン未終了）,결과 판정(카운트다운 미종료),نتیجہ طے کریں (الٹی گنتی باقی),Nilai hasil (hitung mundur belum selesai),परिणाम तय करें (काउंटडाउन बाकी),Вынести вердикт (таймер не закончился),Sonucu belirle (geri sayım bitmedi),直播核心流程文案，需确认预约、关注、发送等按钮状态切换正常,
系统提示/弹窗/权限,直播间/预约直播流程 - 手动判定结果,手动判定结果,手動判定結果,Judge outcome manually,Phán định thủ công,حسم النتيجة يدوياً,Resolver resultado manualmente,Julgar resultado manualmente,Trancher le résultat manuellement,手動で結果を判定,수동으로 결과 판정,دستی طور پر نتیجہ طے کریں,Nilai hasil secara manual,मैन्युअल रूप से परिणाम तय करें,Вынести вердикт вручную,Sonucu elle belirle,直播核心流程文案，需确认预约、关注、发送等按钮状态切换正常,
系统提示/弹窗/权限,直播间/预约直播流程 - 主播已宣布 数值 获胜。你的积分奖励已自动结算到账户，可在积分明细中查看。,主播已宣布 {{side}} 获胜。你的积分奖励已自动结算到账户，可在积分明细中查看。,主播已宣佈{{side}}獲勝。您的積分獎勵已自動結算至帳戶，可於積分明細中查看。,The streamer has declared {{side}} as the winner. Your points reward has been automatically settled to your account and can be viewed in your points history.,Streamer đã công bố {{side}} là bên thắng. Phần thưởng điểm của bạn đã được tự động quyết toán vào tài khoản và có thể xem trong lịch sử điểm.,أعلن صاحب البث أن {{side}} هو الفائز. تمت تسوية مكافأة النقاط تلقائيا إلى حسابك ويمكن عرضها في سجل النقاط.,El streamer ha declarado ganador a {{side}}. Tu recompensa de puntos se ha liquidado automáticamente en tu cuenta y puedes verla en el historial de puntos.,O streamer declarou {{side}} como vencedor. Sua recompensa em pontos foi liquidada automaticamente na sua conta e pode ser vista no histórico de pontos.,Le streamer a déclaré {{side}} gagnant. Votre récompense en points a été automatiquement créditée sur votre compte et peut être consultée dans l'historique des points.,配信者が{{side}}を勝利側として発表しました。ポイント報酬は自動でアカウントに精算され、ポイント履歴で確認できます。,스트리머가 {{side}} 승리를 선언했습니다. 포인트 보상은 계정에 자동 정산되었으며 포인트 내역에서 확인할 수 있습니다.,اسٹریمر نے {{side}} کو فاتح قرار دیا ہے۔ آپ کا پوائنٹس انعام خودکار طور پر آپ کے اکاؤنٹ میں سیٹل ہو گیا ہے اور پوائنٹس کی تاریخ میں دیکھا جا سکتا ہے۔,Streamer telah menyatakan {{side}} sebagai pemenang. Hadiah poin kamu sudah otomatis diselesaikan ke akun dan bisa dilihat di riwayat poin.,स्ट्रीमर ने {{side}} को विजेता घोषित किया है। आपका पॉइंट्स इनाम अपने-आप आपके खाते में सेटल हो गया है और पॉइंट्स इतिहास में देखा जा सकता है।,Стример объявил {{side}} победителем. Ваша награда в баллах автоматически зачислена на аккаунт и доступна в истории баллов.,Yayıncı {{side}} tarafını kazanan ilan etti. Puan ödülün otomatik olarak hesabına işlendi ve puan geçmişinde görüntülenebilir.,含动态变量，翻译时必须保留 {{}} 内占位符，前后语序可按语言调整,
系统提示/弹窗/权限,直播间/预约直播流程 - 主播已宣布 数值 获胜。本轮你的竞猜未命中，下注积分已完成结算，可继续参与下一轮。,主播已宣布 {{side}} 获胜。本轮你的竞猜未命中，下注积分已完成结算，可继续参与下一轮。,主播已宣佈{{side}}獲勝。本輪您的預測未命中，下注積分已完成結算，可繼續參與下一輪。,"The streamer has declared {{side}} as the winner. Your guess was incorrect this round. Your wagered points have been settled, and you can continue to participate in the next round.","Streamer đã công bố {{side}} là bên thắng. Dự đoán của bạn ở vòng này chưa đúng. Điểm đã cược đã được quyết toán, và bạn có thể tiếp tục tham gia vòng sau.",أعلن صاحب البث أن {{side}} هو الفائز. كان توقعك غير صحيح في هذه الجولة. تمت تسوية النقاط التي راهنت بها، ويمكنك المشاركة في الجولة التالية.,El streamer ha declarado ganador a {{side}}. Tu predicción fue incorrecta en esta ronda. Tus puntos apostados se han liquidado y puedes seguir participando en la siguiente ronda.,"O streamer declarou {{side}} como vencedor. Seu palpite estava incorreto nesta rodada. Seus pontos apostados foram liquidados, e você pode continuar participando da próxima rodada.","Le streamer a déclaré {{side}} gagnant. Votre prédiction était incorrecte ce tour-ci. Vos points misés ont été réglés, et vous pouvez continuer à participer au prochain tour.",配信者が{{side}}を勝利側として発表しました。今回の予測は外れました。ベットしたポイントは精算済みです。次のラウンドにも参加できます。,스트리머가 {{side}} 승리를 선언했습니다. 이번 라운드의 예측은 틀렸습니다. 베팅한 포인트는 정산되었으며 다음 라운드에 계속 참여할 수 있습니다.,اسٹریمر نے {{side}} کو فاتح قرار دیا ہے۔ اس راؤنڈ میں آپ کی پیش گوئی غلط تھی۔ لگائے گئے پوائنٹس سیٹل ہو چکے ہیں، اور آپ اگلے راؤنڈ میں حصہ لے سکتے ہیں۔,"Streamer telah menyatakan {{side}} sebagai pemenang. Prediksi kamu salah pada putaran ini. Poin yang kamu pertaruhkan sudah diselesaikan, dan kamu bisa ikut putaran berikutnya.","स्ट्रीमर ने {{side}} को विजेता घोषित किया है। इस राउंड में आपका अनुमान गलत था। लगाए गए पॉइंट्स सेटल हो गए हैं, और आप अगले राउंड में भाग ले सकते हैं।","Стример объявил {{side}} победителем. Ваш прогноз в этом раунде оказался неверным. Поставленные баллы рассчитаны, и вы можете продолжить участие в следующем раунде.",Yayıncı {{side}} tarafını kazanan ilan etti. Bu turdaki tahminin yanlıştı. Bahis yaptığın puanlar hesaplandı; sonraki tura katılmaya devam edebilirsin.,含动态变量，翻译时必须保留 {{}} 内占位符，前后语序可按语言调整,
系统提示/弹窗/权限,直播间/预约直播流程 - 知道了,知道了,知道了,Got it,Đã hiểu,حسناً,Entendido,Entendi,Compris,OK,확인,سمجھ گیا,Mengerti,समझ गया,Понятно,Anladım,直播核心流程文案，需确认预约、关注、发送等按钮状态切换正常,
系统提示/弹窗/权限,直播间/预约直播流程 - 福袋,福袋,福袋,Lucky Bag,Túi may mắn,حقيبة الحظ,Bolsa de la suerte,Bolsa da sorte,Sac chanceux,ラッキーバッグ,럭키백,لکی بیگ,Tas Keberuntungan,लकी बैग,Лаки-бег,Şans çantası,直播核心流程文案，需确认预约、关注、发送等按钮状态切换正常,
系统提示/弹窗/权限,直播间/预约直播流程 - 你在本轮获得 数值 数值 福袋，奖励已自动发放到账户，可在 数值 明细中查看。,你在本轮获得 {{amount}} {{unit}} 福袋，奖励已自动发放到账户，可在 {{unit}} 明细中查看。,恭喜您在本輪贏得{{amount}} {{unit}}福袋，獎勵已自動發放至帳戶，可於{{unit}}明細中查看。,You won the {{amount}} {{unit}} Lucky Bag this round. The reward has been automatically issued to your account and can be viewed in your {{unit}} history.,Bạn đã trúng Lucky Bag {{amount}} {{unit}} ở vòng này. Phần thưởng đã được cộng tự động và có thể xem trong lịch sử {{unit}}.,فزت بحقيبة الحظ {{amount}} {{unit}} في هذه الجولة. تم إصدار المكافأة تلقائياً ويمكنك الاطلاع عليها في سجل {{unit}}.,Ganaste la bolsa de la suerte de {{amount}} {{unit}} en esta ronda. La recompensa se acreditó automáticamente; consúltala en tu historial de {{unit}}.,Você ganhou a bolsa da sorte de {{amount}} {{unit}} nesta rodada. A recompensa foi creditada automaticamente e pode ser vista no histórico de {{unit}}.,Vous avez gagné le sac chanceux {{amount}} {{unit}} ce tour. La récompense a été créditée automatiquement ; consultez votre historique des {{unit}}.,今回の{{amount}} {{unit}}ラッキーバッグに当選しました。報酬は自動で付与され、{{unit}}履歴で確認できます。,이번 라운드에서 {{amount}} {{unit}} 럭키백에 당첨되었습니다. 보상은 자동 지급되었으며 {{unit}} 내역에서 확인할 수 있습니다.,اس راؤنڈ میں آپ نے {{amount}} {{unit}} لکی بیگ جیتا۔ انعام خودکار طور پر آپ کے اکاؤنٹ میں جاری ہو چکا؛ {{unit}} کی تاریخ میں دیکھ سکتے ہیں۔,Kamu memenangkan Lucky Bag {{amount}} {{unit}} pada putaran ini. Hadiah sudah dikirim ke akun kamu dan bisa dilihat di riwayat {{unit}}.,इस राउंड में आपने {{amount}} {{unit}} लकी बैग जीता। इनाम आपके खाते में स्वतः जमा हो गया; {{unit}} इतिहास में देख सकते हैं।,Вы выиграли лаки-бег на {{amount}} {{unit}} в этом раунде. Награда начислена автоматически; смотрите в истории {{unit}}.,Bu turda {{amount}} {{unit}} şans çantasını kazandın. Ödül hesabına otomatik yansıdı; {{unit}} geçmişinden görebilirsin.,含动态变量，翻译时必须保留 {{}} 内占位符，前后语序可按语言调整,
系统提示/弹窗/权限,直播间/预约直播流程 - 本轮未获得 数值，参与记录已保留，请关注下一轮。,本轮未获得 {{bagType}}，参与记录已保留，请关注下一轮。,本輪您未中{{bagType}}，參與紀錄已保留，請留意下一輪。,You did not win the {{bagType}} this round. Your participation has been recorded. Please stay tuned for the next round.,Bạn chưa trúng {{bagType}} ở vòng này. Phần tham gia đã được ghi nhận. Hãy chờ vòng sau.,لم تفز بـ {{bagType}} في هذه الجولة. تم تسجيل مشاركتك. ترقّب الجولة القادمة.,No ganaste la {{bagType}} en esta ronda. Tu participación quedó registrada. Estate atento a la próxima ronda.,Você não ganhou a {{bagType}} nesta rodada. Sua participação foi registrada. Fique ligado na próxima rodada.,Vous n’avez pas gagné le {{bagType}} ce tour. Votre participation est enregistrée. Restez à l’affût du prochain tour.,今回の{{bagType}}は当選しませんでした。参加は記録済みです。次のラウンドをお楽しみに。,이번 라운드의 {{bagType}}에는 당첨되지 않았습니다. 참여는 기록되었습니다. 다음 라운드를 기대해 주세요.,اس راؤنڈ میں آپ {{bagType}} نہیں جیتے۔ آپ کی شرکت درج ہے۔ اگلے راؤنڈ کا انتظار کریں۔,Kamu belum menang {{bagType}} pada putaran ini. Partisipasi kamu sudah tercatat. Nantikan putaran berikutnya.,इस राउंड में आप {{bagType}} नहीं जीते। आपकी भागीदारी दर्ज है। अगले राउंड का इंतज़ार करें।,Вы не выиграли {{bagType}} в этом раунде. Участие учтено. Следите за следующим раундом.,Bu turda {{bagType}} kazanamadın. Katılımın kaydedildi. Sonraki turu bekle.,含动态变量，翻译时必须保留 {{}} 内占位符，前后语序可按语言调整,
系统提示/弹窗/权限,直播间/预约直播流程 - 这次没有中福袋，再接再厉！,这次没有中福袋，再接再厉！,這次沒有中福袋，再接再厲！,You did not win this Lucky Bag. Keep trying!,Bạn chưa trúng Lucky Bag này. Thử lại nhé!,لم تفز بهذه الحقيبة. حاول مرة أخرى!,No ganaste esta bolsa de la suerte. ¡Sigue intentándolo!,Você não ganhou esta bolsa da sorte. Tente de novo!,Vous n’avez pas gagné ce sac chanceux. Réessayez !,今回は当選しませんでした。次もチャレンジ！,이번 럭키백에는 당첨되지 않았습니다. 다음에 다시 도전하세요!,آپ یہ لکی بیگ نہیں جیت سکے۔ دوبارہ کوشش کریں!,Kamu belum menang Lucky Bag ini. Coba lagi!,इस बार लकी बैग नहीं मिला। फिर कोशिश करें!,В этот раз лаки-бег не достался вам. Попробуйте снова!,Bu şans çantasını kazanamadın. Tekrar dene!,直播核心流程文案，需确认预约、关注、发送等按钮状态切换正常,
系统提示/弹窗/权限,直播间/预约直播流程 - 知道了,知道了,知道了,Got it,Đã hiểu,حسناً,Entendido,Entendi,Compris,OK,확인,سمجھ گیا,Mengerti,समझ गया,Понятно,Anladım,直播核心流程文案，需确认预约、关注、发送等按钮状态切换正常,
系统提示/弹窗/权限,直播间/预约直播流程 - 积分福袋,积分福袋,積分福袋,Points Lucky Bag,Lucky Bag điểm,حقيبة حظ بالنقاط,Bolsa de la suerte de puntos,Bolsa da sorte de pontos,Sac chanceux Points,ポイントラッキーバッグ,포인트 럭키백,پوائنٹس والا لکی بیگ,Lucky Bag Poin,पॉइंट्स लकी बैग,Лаки-бег с очками,Puan şans çantası,直播核心流程文案，需确认预约、关注、发送等按钮状态切换正常,
系统提示/弹窗/权限,直播间/预约直播流程 - 钻石福袋,钻石福袋,鑽石福袋,Diamond Lucky Bag,Lucky Bag kim cương,حقيبة حظ بالألماس,Bolsa de la suerte de diamantes,Bolsa da sorte de diamantes,Sac chanceux Diamants,ダイヤラッキーバッグ,다이아 럭키백,ہیروں والا لکی بیگ,Lucky Bag Diamond,डायमंड लकी बैग,Лаки-бег с алмазами,Elmas şans çantası,直播核心流程文案，需确认预约、关注、发送等按钮状态切换正常,
系统提示/弹窗/权限,我的页个人资料区 - 已签约主播,已签约主播,已簽約主播,Signed Streamer,streamer đã ký,مقدّم بث مُوقّع,streamer firmado,streamer contratado,streamer signé,契約済み配信者,서명된 스트리머, دستخط شدہ سٹریمر,streamer terikat kontrak,हस्ताक्षरित स्ट्रीमर,подписанный стример,imzalı yayıncı,页面固定系统文案，需纳入 i18n 统一管理并检查多语言显示宽度,
系统提示/弹窗/权限,我的页快捷操作区 - 审核中,审核中,審核中,Under Review,Đang xét duyệt,قيد المراجعة,En revisión,Em análise,En cours d'examen,審査中,검토 중,جائزے کے تحت,Sedang Ditinjau,समीक्षा के तहत,На рассмотрении,İnceleme Altında,页面固定系统文案，需纳入 i18n 统一管理并检查多语言显示宽度,
系统提示/弹窗/权限,主播认证申请页面 - 主播认证,主播认证,主播認證,Verify Streamer,Xác minh Streamer,تحقق من مقدّم البث,Verificar streamer,Verificar Streamer,Vérifier le streamer,配信者認証,스트리머 검증,سٹریمر کی تصدیق کریں,Verifikasi Streamer,स्ट्रीमर को सत्यापित करें,Подтверждение стримера,Yayıncı Doğrulaması,认证/合约流程文案，需与后台状态、签署流程和法务文案保持一致,
系统提示/弹窗/权限,主播认证申请页面 - 立即申请,立即申请,立即申請,Apply Immediately,Đăng ký ngay,قدّم فوراً,Solicita ahora mismo,Solicitar imediatamente,Postuler immédiatement,今すぐ申請,즉시 신청,فوری طور پر درخواست دیں,Ajukan Sekarang,तुरंत आवेदन करें,Подать заявку сейчас,Hemen Başvur,认证/合约流程文案，需与后台状态、签署流程和法务文案保持一致,
系统提示/弹窗/权限,主播认证申请页面 - 去申请,去申请,去申請,Apply Now,Đăng ký ngay,قدّم الآن,Solicitar ahora,Solicitar agora,Postuler maintenant,今すぐ申請,지금 신청,ابھی درخواست دیں,Ajukan Sekarang,अभी आवेदन करें,Подать заявку,Şimdi Başvur,认证/合约流程文案，需与后台状态、签署流程和法务文案保持一致,
系统提示/弹窗/权限,主播工具栏 - 主播工具栏,主播工具栏,主播工具欄,Streamer Toolbar,Thanh công cụ Streamer,شريط أدوات مقدّم البث,Barra de herramientas del streamer,Barra do Streamer,Barre d'outils streamer,配信者ツールバー,스트리머 도구 모음,سٹریمر ٹول بار,Toolbar Streamer,स्ट्रीमर टूलबार,Панель стримера,Yayıncı Araç Çubuğu,主播后台功能文案，需区分待播、开播、历史直播和数据统计场景,
系统提示/弹窗/权限,主播工具栏 - 开播,开播,開播,Create Live,Tạo buổi live,إنشاء بث مباشر,Crear en vivo,Criar Live,Créer un live,ライブを作成,라이브 생성,لائیو بنائیں,Buat Live,लाइव बनाएं,Создать эфир,Canlı Yayın Oluştur,主播后台功能文案，需区分待播、开播、历史直播和数据统计场景,
系统提示/弹窗/权限,主播工具栏 - 待播,待播,待播,Upcoming,Sắp diễn ra,قادم,Próximos,Próximas,À venir,予定,예정,آنے والا,Akan Datang,आगामी,Предстоящие,Yaklaşan,主播后台功能文案，需区分待播、开播、历史直播和数据统计场景,
系统提示/弹窗/权限,主播工具栏 - 历史直播,历史直播,歷史直播,Live History,Lịch sử live,سجل البث المباشر,Historial de transmisiones,Histórico de Lives,Historique des lives,配信履歴,라이브 히스토리,لائیو تاریخ,Riwayat Live,लाइव इतिहास,История эфиров,Canlı Geçmişi,主播后台功能文案，需区分待播、开播、历史直播和数据统计场景,
系统提示/弹窗/权限,主播工具栏 - 数据中心,数据中心,數據中心,Data Center,Trung tâm dữ liệu,مركز البيانات,Centro de datos,Central de Dados,Centre de données,データセンター,데이터 센터,ڈیٹا سینٹر,Pusat Data,डेटा सेंटर,Центр данных,Veri Merkezi,主播后台功能文案，需区分待播、开播、历史直播和数据统计场景,
系统提示/弹窗/权限,主播工具栏 - 粉丝群,粉丝群,粉絲群,Fan Groups,Nhóm fan,مجموعات المعجبين,Grupos de fans,Grupos de Fãs,Groupes de fans,ファングループ,팬 그룹,فین گروپس,Grup Penggemar,फैन समूह,Фан-группы,Hayran Grupları,主播后台功能文案，需区分待播、开播、历史直播和数据统计场景,
系统提示/弹窗/权限,主播工具栏 - 任务,任务,任務,Task,Nhiệm vụ,مهمة,Tarea,Tarefa,Tâche,タスク,업무,ٹاسک,Tugas,कार्य,Задача,Görev,主播后台功能文案，需区分待播、开播、历史直播和数据统计场景,
系统提示/弹窗/权限,主播工具栏 - 合约,合约,合約,Contract,Hợp đồng,عقد,Contrato,Contrato,Contrat,契約,계약,معاہدہ,Kontrak,करार,Контракт,Sözleşme,主播后台功能文案，需区分待播、开播、历史直播和数据统计场景,
系统提示/弹窗/权限,待播/预约直播管理 - 立即开播,立即开播,立即開播,Start Live Now,Bắt đầu live ngay,ابدأ البث الآن,Iniciar en vivo ahora,Iniciar Live Agora,Démarrer le live maintenant,今すぐ配信開始,지금 라이브 시작,ابھی لائیو شروع کریں,Mulai Live Sekarang,अभी लाइव शुरू करें,Начать эфир сейчас,Canlıyı Şimdi Başlat,主播后台功能文案，需区分待播、开播、历史直播和数据统计场景,
系统提示/弹窗/权限,待播/预约直播管理 - 开播成功,开播成功,開播成功,Live started successfully,Bắt đầu live thành công,تم بدء البث بنجاح,Transmisión iniciada con éxito,Live iniciada com sucesso,Live démarré avec succès,配信を開始しました,라이브가 시작되었습니다,لائیو کامیابی سے شروع ہوا,Live berhasil dimulai,लाइव सफलतापूर्वक शुरू हुआ,Эфир успешно начат,Canlı başarıyla başladı,主播后台功能文案，需区分待播、开播、历史直播和数据统计场景,
系统提示/弹窗/权限,待播/预约直播管理 - 新增待播,新增待播,新增待播,Add New Scheduled Live,Thêm lịch live mới,إضافة بث مباشر مجدول جديد,Agregar nueva transmisión programada,Adicionar Nova Live Agendada,Ajouter un nouveau live programmé,新しい予定配信を追加,새 예정 라이브 추가,نیا شیڈولڈ لائیو شامل کریں,Tambah Live Terjadwal Baru,नया अनुसूचित लाइव जोड़ें,Добавить новую запланированную трансляцию,Yeni Planlı Canlı Yayın Ekle,主播后台功能文案，需区分待播、开播、历史直播和数据统计场景,
系统提示/弹窗/权限,合约管理页面 - 主播申请,主播申请,主播申請,Creator Application,Đơn đăng ký Creator,طلب المُنشئ,Solicitud de creador,Solicitação de Criador,Candidature du créateur,クリエイター申請,크리에이터 신청,креیٹر درخواست,Pengajuan Kreator,निर्माता आवेदन,Заявка создателя,Yayıncı Başvurusu,认证/合约流程文案，需与后台状态、签署流程和法务文案保持一致,
系统提示/弹窗/权限,合约管理页面 - 加载中,加载中...,載入中...,Loading...,Đang tải...,جارٍ التحميل...,Cargando...,Carregando...,Chargement...,読み込み中...,로딩 중...,لوڈ ہو رہا ہے...,Memuat...,लोड हो रहा है...,Загрузка...,Yükleniyor...,认证/合约流程文案，需与后台状态、签署流程和法务文案保持一致,
系统提示/弹窗/权限,合约管理页面 - 缺少合约 ID,缺少合约 ID,缺少合約 ID,Contract ID is required,Yêu cầu mã hợp đồng,معرف العقد مطلوب,Se requiere ID de contrato,O ID do contrato é obrigatório,L'ID du contrat est requis,契約IDが必要です,계약 ID가 필요합니다,معاہدہ ID ضروری ہے,ID kontrak wajib diisi,करार आईडी आवश्यक है,Требуется ID контракта,Sözleşme ID gerekli,认证/合约流程文案，需与后台状态、签署流程和法务文案保持一致,
系统提示/弹窗/权限,合约管理页面 - 合约详情加载失败,合约详情加载失败,合約詳情載入失敗,Failed to load contract details,Không thể tải chi tiết hợp đồng,فشل في تحميل تفاصيل العقد,No se pudieron cargar los detalles del contrato,Falha ao carregar detalhes do contrato,Échec du chargement des détails du contrat,契約詳細の読み込みに失敗しました,계약 상세 정보를 불러오지 못했습니다,معاہدے کی تفصیلات لوڈ کرنے میں ناکام,Gagal memuat detail kontrak,करार का विवरण लोड करने में विफल,Не удалось загрузить детали контракта,Sözleşme detayları yüklenemedi,认证/合约流程文案，需与后台状态、签署流程和法务文案保持一致,
系统提示/弹窗/权限,合约管理页面 - 合约资料未加载,合约资料未加载,合約資料未載入,Contract data not loaded,Dữ liệu hợp đồng chưa được tải,لم يتم تحميل بيانات العقد,Datos del contrato no cargados,Dados do contrato não carregados,Les données du contrat ne sont pas chargées,契約データが読み込まれていません,계약 데이터가 로드되지 않았습니다,معاہدہ ڈیٹا لوڈ نہیں ہوا,Data kontrak belum dimuat,करार डेटा लोड नहीं हुआ,Данные контракта не загружены,Sözleşme verisi yüklenmedi,认证/合约流程文案，需与后台状态、签署流程和法务文案保持一致,
系统提示/弹窗/权限,合约管理页面 - 合约签署成功,合约签署成功,合約簽署成功,Contract signed successfully,Ký hợp đồng thành công,تم توقيع العقد بنجاح,Contrato firmado con éxito,Contrato assinado com sucesso,Contrat signé avec succès,契約に署名しました,계약 서명이 완료되었습니다,معاہدے پر کامیابی سے دستخط کیے گئے,Kontrak berhasil ditandatangani,करार पर सफलतापूर्वक हस्ताक्षर किए गए,Контракт успешно подписан,Sözleşme başarıyla imzalandı,认证/合约流程文案，需与后台状态、签署流程和法务文案保持一致,
系统提示/弹窗/权限,合约管理页面 - 合约签署失败，请重试。,合约签署失败，请重试。,合約簽署失敗，請稍後再試,Failed to sign contract. Please try again.,Ký hợp đồng thất bại. Vui lòng thử lại.,فشل في توقيع العقد. يرجى المحاولة مرة أخرى.,No se pudo firmar el contrato. Inténtalo de nuevo.,Falha ao assinar o contrato. Tente novamente.,Échec de la signature du contrat. Veuillez réessayer.,契約の署名に失敗しました。お試しください。,계약 서명에 실패했습니다. 잠시 후 다시 시도해주세요.,معاہدے پر دستخط کرنے میں ناکام۔ براہ کرم دوبارہ کوشش کریں۔,Gagal menandatangani kontrak. Silakan coba lagi.,करार पर हस्ताक्षर करने में विफल। कृपया पुनः प्रयास करें।,"Не удалось подписать контракт. Пожалуйста, попробуйте снова.",Sözleşme imzalanamadı. Lütfen tekrar deneyin.,认证/合约流程文案，需与后台状态、签署流程和法务文案保持一致,
系统提示/弹窗/权限,合约管理页面 - 未找到合约,未找到合约,未找到合約,Contract not found,Không tìm thấy hợp đồng,لم يتم العثور على العقد,Contrato no encontrado,Contrato não encontrado,Contrat introuvable,契約が見つかりません,계약을 찾을 수 없습니다,معاہدہ نہیں ملا,Kontrak tidak ditemukan,करार नहीं मिला,Контракт не найден,Sözleşme bulunamadı,认证/合约流程文案，需与后台状态、签署流程和法务文案保持一致,
系统提示/弹窗/权限,合约管理页面 - 签名上传成功,签名上传成功,簽名上傳成功,Signature uploaded successfully,Tải chữ ký lên thành công,تم رفع التوقيع بنجاح,Firma subida con éxito,Assinatura enviada com sucesso,Signature téléversée avec succès,署名のアップロードに成功しました,서명이 업로드되었습니다,دستخط کامیابی سے اپ لوڈ کیے گئے,Tanda tangan berhasil diunggah,हस्ताक्षर सफलतापूर्वक अपलोड किए गए,Подпись успешно загружена,İmza başarıyla yüklendi,认证/合约流程文案，需与后台状态、签署流程和法务文案保持一致,
系统提示/弹窗/权限,合约管理页面 - 签名上传失败，请重试。,签名上传失败，请重试。,簽名上傳失敗，請稍後再試,Failed to upload signature. Please try again.,Tải chữ ký lên thất bại. Vui lòng thử lại.,فشل رفع التوقيع. يرجى المحاولة مرة أخرى.,No se pudo subir la firma. Inténtalo de nuevo.,Falha ao enviar assinatura. Tente novamente.,Échec du téléversement de la signature. Veuillez réessayer.,署名のアップロードに失敗しました。お試しください。,서명 업로드에 실패했습니다. 잠시 후 다시 시도해주세요.,دستخط اپ لوڈ کرنے میں ناکام۔ براہ کرم دوبارہ کوشش کریں۔,Gagal mengunggah tanda tangan. Silakan coba lagi.,हस्ताक्षर अपलोड करने में विफल। कृपया पुनः प्रयास करें।,"Не удалось загрузить подпись. Пожалуйста, попробуйте снова.",İmza yüklenemedi. Lütfen tekrar deneyin.,认证/合约流程文案，需与后台状态、签署流程和法务文案保持一致,
系统提示/弹窗/权限,合约管理页面 - 上传失败，请稍后重试,上传失败，请稍后重试,上傳失敗，請稍後重試,"Upload failed, please try again later","Tải lên thất bại, vui lòng thử lại sau",فشل الرفع، يرجى المحاولة لاحقاً,"La subida falló, inténtalo de nuevo más tarde","Falha no envio, tente novamente mais tarde","Échec du téléversement, veuillez réessayer plus tard",アップロードに失敗しました。しばらくしてからお試しください,업로드에 실패했습니다. 잠시 후 다시 시도해주세요,اپ لوڈ ناکام، براہ کرم بعد میں دوبارہ کوشش کریں,"Unggah gagal, silakan coba lagi nanti","अपलोड विफल, कृपया बाद में पुनः प्रयास करें","Ошибка загрузки, попробуйте позже","Yükleme başarısız, lütfen daha sonra tekrar deneyin",认证/合约流程文案，需与后台状态、签署流程和法务文案保持一致,
系统提示/弹窗/权限,合约管理页面 - 签署中,签署中...,簽署中...,Signing...,Đang ký...,جارٍ التوقيع...,Firmando...,Assinando...,Signature...,署名中...,서명 중...,دستخط کیا جا رہا ہے...,Menandatangani...,हस्ताक्षर किया जा रहा है...,Подписание...,İmzalanıyor...,认证/合约流程文案，需与后台状态、签署流程和法务文案保持一致,
系统提示/弹窗/权限,系统提示/弹窗/权限 - 通知,通知,通知,Notifications,Thông báo,الإشعارات,Notificaciones,Notificações,Alertes,通知,알림,اطلاعات,Notifikasi,सूचनाएं,Уведомления,Bildirimler,通知中心/系统消息文案，需检查后端通知类型和跳转目标,
系统提示/弹窗/权限,系统提示/弹窗/权限 - 系统通知,系统通知,系統通知,System Notification,Thông báo hệ thống,إشعار النظام,Notificación del sistema,Notificação do Sistema,Notification système,システム通知,시스템 알림,سسٹم اطلاع,Notifikasi Sistem,सिस्टम सूचना,Системное уведомление,Sistem Bildirimi,通知中心/系统消息文案，需检查后端通知类型和跳转目标,
系统提示/弹窗/权限,系统提示/弹窗/权限 - 系统通知,系统通知,系統通知,System Notifications,Thông báo hệ thống,إشعارات النظام,Notificaciones del sistema,Notificacoes do sistema,Notifications syst?me,システム通知,시스템 알림,سسٹم اطلاعات,Notifikasi sistem,सिस्टम सूचनाएं,Системные уведомления,Sistem bildirimleri,通知中心/系统消息文案，需检查后端通知类型和跳转目标,
系统提示/弹窗/权限,系统提示/弹窗/权限 - 系统消息,系统消息,系統訊息,System messages,Tin hệ thống,رسائل النظام,Mensajes del sistema,Mensagens do sistema,Messages système,システムメッセージ,시스템 메시지,سسٹم پیغامات,Pesan sistem,सिस्टम संदेश,Системные сообщения,Sistem mesajları,通知中心/系统消息文案，需检查后端通知类型和跳转目标,
系统提示/弹窗/权限,系统提示/弹窗/权限 - 主播审核通过,主播审核通过,主播審核通過,Streamer approved,Streamer đã được duyệt,تمت الموافقة على مقدّم البث,Streamer aprobado,Streamer aprovado,Streamer approuvé,配信者申請が承認されました,스트리머 승인됨,اسٹریمر منظور ہو گیا,Streamer disetujui,स्ट्रीमर स्वीकृत,Стример одобрен,Yayıncı onaylandı,通知中心/系统消息文案，需检查后端通知类型和跳转目标,
系统提示/弹窗/权限,系统提示/弹窗/权限 - 主播审核未通过,主播审核未通过,主播審核未通過,Streamer disapproved,Streamer bị từ chối,تم رفض مقدّم البث,Streamer rechazado,Streamer reprovado,Streamer refusé,配信者申請が否認されました,스트리머 승인 거절됨,اسٹریمر نامنظور ہو گیا,Streamer ditolak,स्ट्रीमर अस्वीकृत,Стример отклонён,Yayıncı onaylanmadı,通知中心/系统消息文案，需检查后端通知类型和跳转目标,
系统提示/弹窗/权限,系统提示/弹窗/权限 - 主播合约已通过,主播合约已通过,主播合約已通過,Streamer contract approved,Hợp đồng streamer đã được duyệt,تمت الموافقة على عقد مقدّم البث,Contrato de streamer aprobado,Contrato do streamer aprovado,Contrat streamer approuvé,配信者契約が承認されました,스트리머 계약 승인됨,اسٹریمر معاہدہ منظور ہو گیا,Kontrak streamer disetujui,स्ट्रीमर अनुबंध स्वीकृत,Контракт стримера одобрен,Yayıncı sözleşmesi onaylandı,通知中心/系统消息文案，需检查后端通知类型和跳转目标,
系统提示/弹窗/权限,系统提示/弹窗/权限 - 主播合约未通过,主播合约未通过,主播合約未通過,Streamer contract disapproved,Hợp đồng streamer bị từ chối,تم رفض عقد مقدّم البث,Contrato de streamer rechazado,Contrato do streamer reprovado,Contrat streamer refusé,配信者契約が否認されました,스트리머 계약 승인 거절됨,اسٹریمر معاہدہ نامنظور ہو گیا,Kontrak streamer ditolak,स्ट्रीमर अनुबंध अस्वीकृत,Контракт стримера отклонён,Yayıncı sözleşmesi onaylanmadı,通知中心/系统消息文案，需检查后端通知类型和跳转目标,
系统提示/弹窗/权限,系统提示/弹窗/权限 - 主播合约已作废,主播合约已作废,主播合約已作廢,Streamer contract has been cancelled,Hợp đồng truyền phát đã bị hủy,تم إلغاء عقد البث,El contrato de Streamer ha sido cancelado.,O contrato do streamer foi cancelado,Le contrat du streamer a été annulé,ストリーマー契約が解除されました,스트리머 계약이 취소되었습니다,سٹریمر کا معاہدہ منسوخ کر دیا گیا ہے۔,Kontrak streamer telah dibatalkan,स्ट्रीमर अनुबंध रद्द कर दिया गया है,Контракт со стримером расторгнут,Yayıncı sözleşmesi iptal edildi,通知中心/系统消息文案，需检查后端通知类型和跳转目标,
系统提示/弹窗/权限,系统提示/弹窗/权限 - 主播合约已失效,主播合约已失效,主播合約已失效,Streamer contract expired,Hợp đồng streamer đã hết hạn,انتهت صلاحية عقد مقدّم البث,Contrato de streamer vencido,Contrato do streamer expirado,Contrat streamer expiré,配信者契約の有効期限が切れました,스트리머 계약 만료됨,اسٹریمر معاہدہ ختم ہو گیا,Kontrak streamer kedaluwarsa,स्ट्रीमर अनुबंध समाप्त,Контракт стримера истёк,Yayıncı sözleşmesinin süresi doldu,通知中心/系统消息文案，需检查后端通知类型和跳转目标,
系统提示/弹窗/权限,系统提示/弹窗/权限 - 关注的主播已开播,关注的主播已开播,關注主播已開播,Followed streamer is live,Streamer bạn theo dõi đang live,تمت متابعة مقدّم البث وهو الآن مباشر,El streamer seguido está en vivo,Streamer seguido está ao vivo,Le streamer suivi est en live,フォロー中の配信者がライブを開始しました,팔로우한 스트리머가 라이브 중입니다,فالو کیا گیا اسٹریمر لائیو ہے,Streamer yang diikuti sedang live,जिस स्ट्रीमर को आप फॉलो करते हैं वह लाइव है,"Стример, на которого вы подписаны, в эфире",Takip ettiğiniz yayıncı canlı yayında,通知中心/系统消息文案，需检查后端通知类型和跳转目标,
系统提示/弹窗/权限,系统提示/弹窗/权限 - 预约直播即将开始,预约直播即将开始,預約直播即將開始,Reserved live stream starting soon,Buổi live đã đặt trước sắp bắt đầu,بث مباشر محجوز يبدأ قريباً,La transmisión reservada comenzará pronto,Live reservada começa em breve,Le live réservé commence bientôt,予約したライブがまもなく開始されます,예약한 라이브가 곧 시작됩니다,ریزرو شدہ لائیو اسٹریم جلد شروع ہو رہی ہے,Live terjadwal akan segera dimulai,आरक्षित लाइव स्ट्रीम जल्द शुरू होगी,Забронированный эфир скоро начнётся,Rezervasyonlu canlı yayın yakında başlayacak,通知中心/系统消息文案，需检查后端通知类型和跳转目标,
系统提示/弹窗/权限,系统提示/弹窗/权限 - 已预约的直播已取消,已预约的直播已取消,已預約的直播已取消,Reserved live has been cancelled,Đặt trực tiếp đã bị hủy,تم إلغاء البث المباشر المحجوز,El directo reservado ha sido cancelado.,A transmissão ao vivo reservada foi cancelada,Le live réservé a été annulé,予約ライブは中止となりました,예약 라이브가 취소되었습니다,محفوظ لائیو منسوخ کر دیا گیا ہے۔,Siaran langsung yang dipesan telah dibatalkan,आरक्षित लाइव रद्द कर दिया गया है,Зарезервированный прямой эфир отменен,Canlı rezervasyon iptal edildi,通知中心/系统消息文案，需检查后端通知类型和跳转目标,
系统提示/弹窗/权限,系统提示/弹窗/权限 - 钻石福袋中奖通知,钻石福袋中奖通知,福袋中獎通知,Diamond Lucky Bag Results - Won,Kết quả Túi kim cương may mắn - Thắng,نتائج حقيبة الحظ الماسية - فاز بها,Resultados de la bolsa de la suerte de diamantes: ganado,Resultados do Diamond Lucky Bag - Ganhou,Résultats du Diamond Lucky Bag - Gagné,ダイヤモンド福袋結果 - 当選,다이아몬드 럭키백 결과 - 승리,ڈائمنڈ لکی بیگ کے نتائج - جیت گئے۔,Hasil Diamond Lucky Bag - Menang,डायमंड लकी बैग परिणाम - जीता,Результаты Diamond Lucky Bag: выиграно,Elmas Şanslı Çanta Sonuçları - Kazanıldı,通知中心/系统消息文案，需检查后端通知类型和跳转目标,
系统提示/弹窗/权限,系统提示/弹窗/权限 - 钻石福袋未中奖通知,钻石福袋未中奖通知,福袋未中獎通知,Diamond Lucky Bag Results - Not Won,Kết quả túi kim cương may mắn - Không thắng,نتائج حقيبة الحظ الماسية - لم يتم الفوز بها,Resultados de la bolsa de la suerte de diamantes: no ganado,Resultados do Diamond Lucky Bag - Não ganho,Résultats du Diamond Lucky Bag - Non gagné,ダイヤモンド 福袋の結果 - 未当選,다이아몬드 럭키백 결과 - 당첨되지 않음,ڈائمنڈ لکی بیگ کے نتائج - جیتے نہیں۔,Hasil Diamond Lucky Bag - Tidak Menang,डायमंड लकी बैग परिणाम - नहीं जीता,Результаты Diamond Lucky Bag — не выигран,Elmas Şanslı Çanta Sonuçları - Kazanılmadı,通知中心/系统消息文案，需检查后端通知类型和跳转目标,
系统提示/弹窗/权限,系统提示/弹窗/权限 - 竞猜结果 - 已中奖,竞猜结果 - 已中奖,直播預測成功,Points Lucky Bag Results - Won,Kết quả túi may mắn tích điểm - Thắng,نتائج حقيبة النقاط المحظوظة - فاز بها,Resultados de la bolsa de la suerte de puntos: ganados,Resultados do Lucky Bag de pontos - ganhos,Résultats du sac porte-bonheur aux points - Gagné,ポイント福袋結果 - 当選,포인트 복주머니 결과 - 승리,پوائنٹس لکی بیگ کے نتائج - جیت گئے۔,Hasil Poin Lucky Bag - Menang,पॉइंट्स लकी बैग परिणाम - जीता,Результаты Lucky Bag с очками - выиграно,Puan Şanslı Çanta Sonuçları - Kazanıldı,通知中心/系统消息文案，需检查后端通知类型和跳转目标,
系统提示/弹窗/权限,系统提示/弹窗/权限 - 竞猜结果 - 未中奖,竞猜结果 - 未中奖,直播預測失敗,Points Lucky Bag Results - Not Won,Kết quả túi may mắn tích điểm - Không thắng,نتائج حقيبة النقاط المحظوظة - لم يتم الفوز بها,Resultados de la bolsa de la suerte de puntos: no ganados,Resultados do Lucky Bag de pontos - não ganhos,Résultats du sac porte-bonheur aux points - Non gagné,ポイント福袋結果 - 未当選,포인트 복주머니 결과 - 당첨되지 않음,پوائنٹس لکی بیگ کے نتائج - نہیں جیتے۔,Hasil Poin Lucky Bag - Tidak Dimenangkan,अंक लकी बैग परिणाम - जीता नहीं,Результаты Lucky Bag с очками — не выиграно,Puan Şanslı Çanta Sonuçları - Kazanılmadı,通知中心/系统消息文案，需检查后端通知类型和跳转目标,
系统提示/弹窗/权限,系统提示/弹窗/权限 - 竞猜失效，积分已退回,竞猜失效，积分已退回,直播預測失效已退款,Points Lucky Bag Results - Not Won,Kết quả túi may mắn tích điểm - Không thắng,نتائج حقيبة النقاط المحظوظة - لم يتم الفوز بها,Resultados de la bolsa de la suerte de puntos: no ganados,Resultados do Lucky Bag de pontos - não ganhos,Résultats du sac porte-bonheur aux points - Non gagné,ポイント福袋結果 - 未当選,포인트 복주머니 결과 - 당첨되지 않음,پوائنٹس لکی بیگ کے نتائج - نہیں جیتے۔,Hasil Poin Lucky Bag - Tidak Dimenangkan,अंक लकी बैग परिणाम - जीता नहीं,Результаты Lucky Bag с очками — не выиграно,Puan Şanslı Çanta Sonuçları - Kazanılmadı,通知中心/系统消息文案，需检查后端通知类型和跳转目标,
系统提示/弹窗/权限,系统提示/弹窗/权限 - 群组邀请,群组邀请,群組邀請,Group Invite,Lời mời nhóm,دعوة المجموعة,Invitación de grupo,Convite de Grupo,Invitation de groupe,グループ招待,그룹 초대,گروپ دعوت,Undangan Grup,समूह आमंत्रण,Приглашение в группу,Grup Daveti,通知中心/系统消息文案，需检查后端通知类型和跳转目标,
系统提示/弹窗/权限,系统提示/弹窗/权限 - 加入群组成功,加入群组成功,加入群組成功,Successfully joined the group,Tham gia nhóm thành công,تم الانضمام إلى المجموعة بنجاح,Te uniste al grupo con éxito,Entrou no grupo com sucesso,Groupe rejoint avec succès,グループへの参加に成功しました,그룹에 참여했습니다,گروپ میں کامیابی سے شامل ہو گئے,Berhasil bergabung ke grup,समूह में सफलतापूर्वक शामिल हुए,Вы успешно вступили в группу,Gruba başarıyla katıldınız,通知中心/系统消息文案，需检查后端通知类型和跳转目标,
系统提示/弹窗/权限,系统提示/弹窗/权限 - 加入群组失败，请稍后重试,加入群组失败，请稍后重试,加入群組失敗,"Failed to join the group, please try again later","Tham gia nhóm thất bại, vui lòng thử lại sau",فشل الانضمام إلى المجموعة، يرجى المحاولة لاحقاً,"No se pudo unir al grupo, inténtalo de nuevo más tarde","Falha ao entrar no grupo, tente novamente mais tarde","Échec pour rejoindre le groupe, veuillez réessayer plus tard",グループへの参加に失敗しました。しばらくしてからお試しください,그룹 참여에 실패했습니다. 잠시 후 다시 시도해주세요,گروپ میں شامل ہونے میں ناکام، براہ کرم بعد میں دوبارہ کوشش کریں,"Gagal bergabung ke grup, silakan coba lagi nanti","समूह में शामिल होने में विफल, कृपया बाद में फिर प्रयास करें","Не удалось вступить в группу, попробуйте позже","Gruba katılınamadı, lütfen daha sonra tekrar deneyin",通知中心/系统消息文案，需检查后端通知类型和跳转目标,
系统提示/弹窗/权限,系统提示/弹窗/权限 - 你已被移出群聊,你已被移出群聊,你已被移出群聊,You were removed from the group chat,Bạn đã bị xóa khỏi cuộc trò chuyện nhóm,لقد تمت إزالتك من الدردشة الجماعية,Fuiste eliminado del chat grupal.,Você foi removido do bate-papo em grupo,Vous avez été supprimé du chat de groupe,グループチャットから削除されました,그룹 채팅에서 삭제되었습니다,آپ کو گروپ چیٹ سے ہٹا دیا گیا تھا۔,Anda telah dikeluarkan dari obrolan grup,आपको समूह चैट से हटा दिया गया था,Вас удалили из группового чата,Grup sohbetinden çıkarıldınız,通知中心/系统消息文案，需检查后端通知类型和跳转目标,
系统提示/弹窗/权限,系统提示/弹窗/权限 - 群聊已解散,群聊已解散,群聊已解散,Group chat has been dissolved,Trò chuyện nhóm đã bị giải thể,تم حل الدردشة الجماعية,El chat grupal se ha disuelto.,O bate-papo em grupo foi dissolvido,Le chat de groupe a été dissous,グループチャットは解消されました,그룹채팅이 종료되었습니다,گروپ چیٹ کو تحلیل کر دیا گیا ہے۔,Obrolan grup telah dibubarkan,समूह चैट भंग कर दी गई है,Групповой чат закрыт,Grup sohbeti sonlandırıldı,通知中心/系统消息文案，需检查后端通知类型和跳转目标,
系统提示/弹窗/权限,系统提示/弹窗/权限 - 邀请已过期,邀请已过期,邀請已過期,The invitation has expired,Lời mời đã hết hạn,انتهت صلاحية الدعوة,La invitación ha expirado,O convite expirou,L'invitation a expiré,招待の有効期限が切れました,초대가 만료되었습니다,دعوت کی میعاد ختم ہو گئی ہے,Undangan telah kedaluwarsa,निमंत्रण की समय-सीमा समाप्त हो गई है,Срок действия приглашения истёк,Davetin süresi doldu,通知中心/系统消息文案，需检查后端通知类型和跳转目标,
系统提示/弹窗/权限,系统提示/弹窗/权限 - 邀请已拒绝,邀请已拒绝,邀請已拒絕,Invitation declined,Đã từ chối lời mời,تم رفض الدعوة,Invitación rechazada,Convite recusado,Invitation refusée,招待を辞退しました,초대가 거절되었습니다,دعوت مسترد کر دی گئی,Undangan ditolak,निमंत्रण अस्वीकृत,Приглашение отклонено,Davet reddedildi,通知中心/系统消息文案，需检查后端通知类型和跳转目标,
系统提示/弹窗/权限,系统提示/弹窗/权限 - 确认删除全部消息？,确认删除全部消息？,確認刪除全部消息？,Confirm to delete all messages?,Xác nhận xóa tất cả tin nhắn?,تأكيد حذف جميع الرسائل؟,¿Confirmar eliminar todos los mensajes?,Confirmar exclusão de todas as mensagens?,Confirmer la suppression de tous les messages ?,すべてのメッセージを削除しますか？,모든 메시지를 삭제할까요?,تمام پیغامات حذف کرنے کی تصدیق کریں؟,Konfirmasi hapus semua pesan?,सभी संदेश हटाने की पुष्टि करें?,Подтвердить удаление всех сообщений?,Tüm mesajlar silinsin mi?,通知中心/系统消息文案，需检查后端通知类型和跳转目标,
系统提示/弹窗/权限,系统提示/弹窗/权限 - 确认全部标为已读？,确认全部标为已读？,確認全部標為已讀？,Confirm marking all messages as read?,Xác nhận đánh dấu đã đọc tất cả tin nhắn?,تأكيد تعليم جميع الرسائل كمقروءة؟,¿Confirmar marcar todos los mensajes como leídos?,Confirmar marcação de todas as mensagens como lidas?,Confirmer le marquage de tous les messages comme lus ?,すべてのメッセージを既読にしますか？,모든 메시지를 읽음 처리할까요?,تمام پیغامات کو پڑھا ہوا نشان زد کرنے کی تصدیق کریں؟,Konfirmasi menandai semua pesan sudah dibaca?,सभी संदेशों को पढ़ा हुआ चिह्नित करने की पुष्टि करें?,Подтвердить отметку всех сообщений как прочитанных?,Tüm mesajları okundu olarak işaretlemek onaylansın mı?,通知中心/系统消息文案，需检查后端通知类型和跳转目标,
系统提示/弹窗/权限,系统提示/弹窗/权限 - 已全部标记为已读,已全部标记为已读,已全部標記為已讀,Messages have been marked as read,Đã đánh dấu tất cả tin nhắn là đã đọc,تم تعليم الرسائل كمقروءة,Los mensajes se marcaron como leídos,Mensagens marcadas como lidas,Les messages ont été marqués comme lus,メッセージを既読にしました,메시지가 읽음 처리되었습니다,پیغامات کو پڑھا ہوا نشان زد کر دیا گیا,Pesan telah ditandai sudah dibaca,संदेश पढ़े हुए चिह्नित कर दिए गए हैं,Сообщения отмечены как прочитанные,Mesajlar okundu olarak işaretlendi,通知中心/系统消息文案，需检查后端通知类型和跳转目标,
系统提示/弹窗/权限,系统提示/弹窗/权限 - 已清空通知,已清空通知,已清空通知,Notifications have been cleared,Đã xóa thông báo,تم مسح الإشعارات,Las notificaciones se limpiaron,Notificações limpas,Les notifications ont été effacées,通知をクリアしました,알림이 정리되었습니다,اطلاعات صاف کر دی گئیں,Notifikasi telah dibersihkan,सूचनाएँ साफ कर दी गई हैं,Уведомления очищены,Bildirimler temizlendi,通知中心/系统消息文案，需检查后端通知类型和跳转目标,
系统提示/弹窗/权限,系统提示/弹窗/权限 - 操作失败,操作失败,操作失敗,Action failed,Hành động không thành công,فشل الإجراء,La acción falló,Falha na ação,L'action a échoué,アクションが失敗しました,작업 실패,کارروائی ناکام ہوگئی,Tindakan gagal,कार्रवाई विफल रही,Действие не выполнено,İşlem başarısız oldu,通知中心/系统消息文案，需检查后端通知类型和跳转目标,
系统提示/弹窗/权限,系统提示/弹窗/权限 - 提现成功,提现成功,提現成功,Withdrawal successful,Rút tiền thành công,تم السحب بنجاح,Retiro exitoso,Saque realizado com sucesso,Retrait réussi,出金が成功しました,출금이 완료되었습니다,رقم نکالنا کامیاب,Penarikan berhasil,निकासी सफल,Вывод средств выполнен успешно,Para çekme başarılı,通知中心/系统消息文案，需检查后端通知类型和跳转目标,
系统提示/弹窗/权限,系统提示/弹窗/权限 - 提现失败,提现失败,提現失敗,Withdrawal operation,Lỗi thao tác rút tiền,فشل عملية السحب,Operación de retiro,Operação de saque,Opération de retrait échouée,出金処理エラー,출금 처리 실패,رقم نکالنے کا عمل,Operasi penarikan,निकासी प्रक्रिया,Операция вывода средств,Para çekme işlemi,通知中心/系统消息文案，需检查后端通知类型和跳转目标,
系统提示/弹窗/权限,系统提示/弹窗/权限 - 刚刚,刚刚,剛剛,Just now,Vừa xong,الآن,Justo ahora,Agora há pouco,À l'instant,たった今,방금 전,ابھی ابھی,Baru saja,अभी,Только что,Az önce,通知中心/系统消息文案，需检查后端通知类型和跳转目标,
系统提示/弹窗/权限,系统提示/弹窗/权限 - 数值 分钟前,{{count}} 分钟前,{{count}} 分鐘前,{{count}} minutes ago,{{count}} phút trước,منذ {{count}} دقيقة,hace {{count}} minutos,{{count}} minutos atrás,il y a {{count}} minutes,{{count}}分前,{{count}}분 전,{{count}} منٹ پہلے,{{count}} menit yang lalu,{{count}} मिनट पहले,{{count}} минут назад,{{count}} dakika önce,含动态变量，翻译时必须保留 {{}} 内占位符，前后语序可按语言调整,
系统提示/弹窗/权限,系统提示/弹窗/权限 - 数值 小时前,{{count}} 小时前,{{count}} 小時前,{{count}} hours ago,{{count}} giờ trước,منذ {{count}} ساعة,hace {{count}} horas,{{count}} horas atrás,il y a {{count}} heures,{{count}}時間前,{{count}}시간 전,{{count}} گھنٹے پہلے,{{count}} jam yang lalu,{{count}} घंटे पहले,{{count}} часов назад,{{count}} saat önce,含动态变量，翻译时必须保留 {{}} 内占位符，前后语序可按语言调整,
系统提示/弹窗/权限,系统提示/弹窗/权限 - 数值 天前,{{count}} 天前,{{count}} 天前,{{count}} days ago,{{count}} ngày trước,منذ {{count}} يوم,hace {{count}} días,{{count}} dias atrás,il y a {{count}} jours,{{count}}日前,{{count}}일 전,{{count}} دن پہلے,{{count}} hari yang lalu,{{count}} दिन पहले,{{count}} дней назад,{{count}} gün önce,含动态变量，翻译时必须保留 {{}} 内占位符，前后语序可按语言调整,
【OnCoin AI 助手】,,,,,,,,,,,,,,,,,,
OnCoin AI 助手,OnCoin AI 助手 - 欢迎/能力说明,OnCoin AI 分析市场数据与资讯，解读趋势、驱动因素与风险。,OnCoin AI 分析市場數據與資訊，解讀趨勢、驅動因素與風險。,"OnCoin AI analyzes market data and news to explain trends, catalysts and risks.","OnCoin AI phân tích dữ liệu thị trường và tin tức để giải thích xu hướng, yếu tố thúc đẩy và rủi ro.",يحلل OnCoin AI بيانات السوق والأخبار لشرح الاتجاهات والمحفزات والمخاطر.,"OnCoin AI analiza datos de mercado y noticias para explicar tendencias, catalizadores y riesgos.","O OnCoin AI analisa dados de mercado e notícias para explicar tendências, catalisadores e riscos.","OnCoin AI analyse les données de marché et l'actualité pour expliquer tendances, catalyseurs et risques.",OnCoin AIは市場データとニュースを分析し、トレンド、触媒、リスクを解説します。,"OnCoin AI는 시장 데이터와 뉴스를 분석해 추세, 촉매, 리스크를 설명합니다.",OnCoin AI مارکیٹ ڈیٹا اور خبروں کا تجزیہ کر کے رجحانات، محرکات اور خطرات کی وضاحت کرتا ہے۔,"OnCoin AI menganalisis data pasar dan berita untuk menjelaskan tren, katalis, dan risiko.","OnCoin AI बाज़ार डेटा और समाचार का विश्लेषण करके रुझान, उत्प्रेरक और जोखिम समझाता है।","OnCoin AI анализирует рыночные данные и новости, объясняя тренды, катализаторы и риски.","OnCoin AI, trendleri, katalizörleri ve riskleri açıklamak için piyasa verilerini ve haberleri analiz eder.",v1.4 AI 助手首屏说明,
OnCoin AI 助手,OnCoin AI 助手 - 输入框占位,你想问什么？,你想問什麼？,What do you want to ask?,Bạn muốn hỏi gì?,ماذا تريد أن تسأل؟,¿Qué quieres preguntar?,O que você quer perguntar?,Que souhaitez-vous demander ?,何を聞きたいですか？,무엇을 물어보고 싶으신가요?,آپ کیا پوچھنا چاہتے ہیں؟,Apa yang ingin Anda tanyakan?,आप क्या पूछना चाहते हैं?,Что вы хотите спросить?,Ne sormak istiyorsunuz?,v1.4 AI 助手提问示例,
OnCoin AI 助手,OnCoin AI 助手 - 合规提示,向 OnCoin AI 发送消息即表示您同意我们的《用户协议》并已阅读《隐私政策》。,向 OnCoin AI 發送訊息即表示您同意我們的《用戶協議》並已閱讀《隱私政策》。,"By sending messages to OnCoin AI, you agree to our User Agreement and have read our Privacy Policy.","Khi gửi tin nhắn cho OnCoin AI, bạn đồng ý với Thỏa thuận người dùng của chúng tôi và xác nhận đã đọc Chính sách quyền riêng tư.",بإرسال رسائل إلى OnCoin AI، فإنك توافق على اتفاقية المستخدم الخاصة بنا وتقر بأنك قرأت سياسة الخصوصية.,"Al enviar mensajes a OnCoin AI, aceptas nuestro Acuerdo de usuario y confirmas haber leído nuestra Política de privacidad.","Ao enviar mensagens ao OnCoin AI, você concorda com nosso Acordo do Usuário e declara ter lido nossa Política de Privacidade.","En envoyant des messages à OnCoin AI, vous acceptez notre Accord utilisateur et confirmez avoir lu notre Politique de confidentialité.",OnCoin AIにメッセージを送信すると、利用規約に同意し、プライバシーポリシーを読んだものとみなされます。,OnCoin AI에 메시지를내면 이용약관에 동의하고 개인정보처리방침을 읽은 것으로 간주됩니다.,OnCoin AI کو پیغام بھیج کر آپ ہمارے صارف معاہدے سے اتفاق کرتے ہیں اور رازداری کی پالیسی پڑھ چکے ہیں۔,"Dengan mengirim pesan ke OnCoin AI, Anda menyetujui Perjanjian Pengguna kami dan telah membaca Kebijakan Privasi.",OnCoin AI को संदेश भेजकर आप हमारे उपयोगकर्ता समझौते से सहमत होते हैं और हमारी गोपनीयता नीति पढ़ चुके हैं।,"Отправляя сообщения OnCoin AI, вы соглашаетесь с нашим Пользовательским соглашением и подтверждаете, что прочитали Политику конфиденциальности.",OnCoin AI'ye mesaj göndererek Kullanıcı Sözleşmemizi kabul etmiş ve Gizlilik Politikamızı okumuş olursunuz.,用户协议与隐私政策确认,
OnCoin AI 助手,OnCoin AI 助手 - 历史会话,历史记录,歷史記錄,History,Lịch sử,السجل,Historial,Histórico,Historique,履歴,기록,تاریخ,Riwayat,इतिहास,История,Geçmiş,历史聊天抽屉标题,
OnCoin AI 助手,OnCoin AI 助手 - 新建会话,新对话,新對話,New Chat,Cuộc trò chuyện mới,محادثة جديدة,Nuevo chat,Novo chat,Nouvelle discussion,新しいチャット,새 채팅,نئی چیٹ,Obrolan Baru,नई चैट,Новый чат,Yeni Sohbet,新建聊天按钮,
OnCoin AI 助手,OnCoin AI 助手 - 删除确认,删除后，该模拟聊天记录将从抽屉中移除。,刪除後，該模擬聊天記錄將從抽屜中移除。,"After deletion, this simulated chat record will be removed from the drawer.","Sau khi xóa, bản ghi trò chuyện mô phỏng này sẽ bị xóa khỏi ngăn kéo.",بعد الحذف، ستُزال سجل المحادثة المحاكى هذا من الدرج.,"Tras eliminar, este registro de chat simulado se quitará del panel.","Após a exclusão, este registro de chat simulado será removido da gaveta.","Après suppression, cet enregistrement de chat simulé sera retiré du tiroir.",削除後、このシミュレートされたチャット記録はドロワーから削除されます。,삭제 후 이 시뮬레이션 채팅 기록은 서랍에서 제거됩니다.,حذف کے بعد، یہ نقلی چیٹ ریکارڈ دراز سے ہٹا دیا جائے گا۔,"Setelah dihapus, catatan obrolan simulasi ini akan dihapus dari laci.","हटाने के बाद, यह सिम्युलेटेड चैट रिकॉर्ड दराज से हटा दिया जाएगा।",После удаления эта запись симулированного чата будет удалена из панели.,Silindikten sonra bu simüle sohbet kaydı çekmeceden kaldırılacaktır.,删除模拟聊天记录提示,
【意见反馈 v1.4】,,,,,,,,,,,,,,,,,,
意见反馈,意见反馈 - 副标题/说明,反馈回放、聊天、打赏与展示相关问题,回報回放、聊天、打賞與展示相關問題,"Report playback, chat, reward & display bugs","Báo cáo lỗi phát lại, trò chuyện, thưởng và hiển thị",الإبلاغ عن أخطاء في التشغيل أو الدردشة أو المكافآت أو العرض,"Informar errores de reproducción, chat, recompensas y visualización","Relatar bugs de reprodução, chat, recompensas e exibição","Signaler des bugs de lecture, de chat, de récompenses et d'affichage",再生、チャット、投げ銭、表示に関する不具合を報告,"재생, 채팅, 후원, 표시 관련 버그 신고",پلے بیک، چیٹ، انعام اور ڈسپلے کے مسائل کی اطلاع دیں,"Laporkan bug pemutaran, obrolan, hadiah & tampilan","प्लेबैक, चैट, रिवॉर्ड और डिस्प्ले से जुड़ी समस्याएँ रिपोर्ट करें","Сообщить об ошибках воспроизведения, чата, наград и отображения","Oynatma, sohbet, ödül ve görüntüleme hatalarını bildirin",v1.4 反馈表单说明,
意见反馈,意见反馈 - 问题类型,问题类型,問題類型,Issue Type,Loại vấn đề,نوع المشكلة,Tipo de problema,Tipo de problema,Type de problème,問題の種類,문제 유형,مسئلے کی قسم,Jenis Masalah,समस्या का प्रकार,Тип проблемы,Sorun Türü,反馈表单字段,
意见反馈,意见反馈 - 反馈内容,反馈内容,回饋內容,Feedback Content,Nội dung phản hồi,محتوى الملاحظات,Contenido de comentarios,Conteúdo do feedback,Contenu du commentaire,フィードバック内容,피드백 내용,رائے کا مواد,Konten Masukan,प्रतिक्रिया सामग्री,Содержание отзыва,Geri Bildirim İçeriği,反馈表单字段,
意见反馈,意见反馈 - 内容占位,请在此描述您的问题或建议。,請在此描述您的問題或建議。,Describe your issues or suggestions here.,Mô tả vấn đề hoặc đề xuất của bạn tại đây.,صف مشاكلك أو اقتراحاتك هنا.,Describe aquí tus problemas o sugerencias.,Descreva seus problemas ou sugestões aqui.,Décrivez ici vos problèmes ou suggestions.,ここに問題や提案を入力してください。,여기에 문제나 제안을 입력하세요.,اپنے مسائل یا تجاویز یہاں بیان کریں۔,Jelaskan masalah atau saran Anda di sini.,अपनी समस्याएँ या सुझाव यहाँ लिखें।,Опишите здесь ваши проблемы или предложения.,Sorunlarınızı veya önerilerinizi buraya yazın.,输入框占位,
意见反馈,意见反馈 - 联系方式,联系方式（选填）,聯絡方式（選填）,Contact (Optional),Liên hệ (Tùy chọn),جهة الاتصال (اختياري),Contacto (opcional),Contato (opcional),Contact (facultatif),連絡先（任意）,연락처 (선택),رابطہ (اختیاری),Kontak (Opsional),संपर्क (वैकल्पिक),Контакт (необязательно),İletişim (İsteğe bağlı),可选字段,
意见反馈,意见反馈 - 联系方式占位,邮箱 / Telegram / 电话,電子郵件 / Telegram / 電話,Email / Telegram / Phone.,Email / Telegram / Điện thoại.,البريد الإلكتروني / تيليجرام / الهاتف.,Correo / Telegram / Teléfono.,E-mail / Telegram / Telefone.,E-mail / Telegram / Téléphone.,メール / Telegram / 電話,이메일 / Telegram / 전화,ای میل / ٹیلیگرام / فون,Email / Telegram / Telepon,ईमेल / Telegram / फ़ोन,Email / Telegram / Телефон.,E-posta / Telegram / Telefon.,输入提示,
意见反馈,意见反馈 - 上传截图,上传截图,上傳截圖,Upload Screenshots,Tải ảnh chụp màn hình,تحميل لقطات الشاشة,Subir capturas,Enviar capturas de tela,Télécharger des captures,スクリーンショットをアップロード,스크린샷 업로드,اسکرین شاٹس اپ لوڈ کریں,Unggah Tangkapan Layar,स्क्रीनशॉट अपलोड करें,Загрузить скриншоты,Ekran Görüntüleri Yükle,上传区域标题,
意见反馈,意见反馈/认证 - 添加封面图,添加封面图,新增封面圖,Add Cover Image,Thêm ảnh bìa,إضافة صورة غلاف,Añadir imagen de portada,Adicionar imagem de capa,Ajouter une image de couverture,カバー画像を追加,커버 이미지 추가,کور تصویر شامل کریں,Tambah Gambar Sampul,कवर इमेज जोड़ें,Добавить обложку,Kapak Görseli Ekle,封面图上传；与 orig 67 去重,
意见反馈,意见反馈 - 提交按钮,提交反馈,提交回饋,Submit Feedback,Gửi phản hồi,إرسال الملاحظات,Enviar comentarios,Enviar feedback,Envoyer le commentaire,フィードバックを送信,피드백 제출,رائے جمع کرائیں,Kirim Masukan,प्रतिक्रिया भेजें,Отправить отзыв,Geri Bildirimi Gönder,提交反馈,
【官方群/聊天设置与黑名单】,,,,,,,,,,,,,,,,,,
官方群/聊天,官方群 - 群名称,OnCoin 官方群,OnCoin 官方群,OnCoin Official Group,Nhóm chính thức OnCoin,مجموعة OnCoin الرسمية,Grupo oficial de OnCoin,Grupo oficial OnCoin,Groupe officiel OnCoin,OnCoin公式グループ,OnCoin 공식 그룹,OnCoin آفیشل گروپ,Grup Resmi OnCoin,OnCoin आधिकारिक समूह,Официальная группа OnCoin,OnCoin Resmi Grubu,v1.4 官方群,
官方群/聊天,语聊房/群聊 - 取消静音,取消静音,取消靜音,Unmute,Bật tiếng,إلغاء الكتم,Activar sonido,Ativar som,Réactiver le son,ミュート解除,음소거 해제,خاموش ہٹائیں,Bunyikan,अनम्यूट करें,Включить звук,Sesi Aç,取消禁言按钮,
官方群/聊天,语聊房 - 无权限提示,不允许,不允許,Not Allowed,Không được phép,غير مسموح,No permitido,Não permitido,Non autorisé,許可されていません,허용되지 않음,اجازت نہیں,Tidak Diizinkan,अनुमति नहीं,Не разрешено,İzin Verilmiyor,无发言权限,
官方群/聊天,聊天 - 拒收陌生人发送失败,发送失败，对方拒收陌生人消息,傳送失敗，對方拒收陌生人訊息,"Failed to send, recipient blocks strangers","Gửi thất bại, người nhận chặn tin nhắn từ người lạ",فشل الإرسال، المستلم يرفض رسائل الغرباء,"Error al enviar, el destinatario bloquea mensajes de desconocidos","Falha ao enviar, destinatário bloqueia mensagens de estranhos","Échec de l'envoi, le destinataire bloque les messages des inconnus",送信に失敗しました。相手が見知らぬ人からのメッセージを拒否しています,"전송 실패, 상대방이 낯선 사람 메시지를 차단함",بھیجنے میں ناکامی، وصول کنندہ اجنبیوں کے پیغامات بلاک کرتا ہے,"Gagal mengirim, penerima memblokir pesan dari orang asing","भेजने में विफल, प्राप्तकर्ता अजनबियों के संदेश ब्लॉक करता है","Не удалось отправить, получатель блокирует сообщения от незнакомцев","Gönderilemedi, alıcı yabancı mesajları engelliyor",发送失败提示,
官方群/聊天,聊天 - 被拉黑发送失败,对方已将您拉黑，消息发送失败,對方已將您拉黑，訊息傳送失敗,"The user has blocked you, message failed to send","Người dùng đã chặn bạn, gửi tin nhắn thất bại",قام المستخدم بحظرك، فشل إرسال الرسالة,"El usuario te ha bloqueado, no se pudo enviar el mensaje","O usuário bloqueou você, falha ao enviar mensagem","L'utilisateur vous a bloqué, échec de l'envoi du message",相手にブロックされ、メッセージの送信に失敗しました,상대방이 차단하여 메시지 전송 실패,صارف نے آپ کو بلاک کر دیا، پیغام بھیجنے میں ناکامی,"Pengguna memblokir Anda, pesan gagal dikirim","उपयोगकर्ता ने आपको ब्लॉक किया, संदेश भेजने में विफल","Пользователь заблокировал вас, сообщение не отправлено","Kullanıcı sizi engelledi, mesaj gönderilemedi",拉黑后发送失败,
官方群/聊天,聊天列表 - 精选推荐,精选推荐,精選推薦,Featured Recommendations,Đề xuất nổi bật,توصيات مميزة,Recomendaciones destacadas,Recomendações em destaque,Recommandations en vedette,おすすめ,추천,نمایاں سفارشات,Rekomendasi Unggulan,विशेष सिफ़ारिशें,Рекомендуемое,Öne Çıkan Öneriler,精选推荐模块标题,
官方群/聊天,举报弹窗 - 举报内容,举报内容,舉報內容,Report Content,Nội dung báo cáo,محتوى البلاغ,Contenido del reporte,Conteúdo da denúncia,Contenu du signalement,報告内容,신고 내용,رپورٹ کا مواد,Konten Laporan,रिपोर्ट सामग्री,Содержание жалобы,Rapor İçeriği,举报表单字段,
官方群/聊天,举报弹窗 - 选择原因,请选择举报原因,請選擇舉報原因,Please select a report reason,Vui lòng chọn lý do báo cáo,يرجى اختيار سبب البلاغ,Selecciona un motivo de reporte,Selecione um motivo da denúncia,Veuillez sélectionner un motif de signalement,報告理由を選択してください,신고 사유를 선택하세요,براہ کرم رپورٹ کی وجہ منتخب کریں,Pilih alasan laporan,कृपया रिपोर्ट का कारण चुनें,Выберите причину жалобы,Lütfen bir rapor nedeni seçin,举报原因下拉占位,
官方群/聊天,举报弹窗 - 补充说明,补充说明（选填）,補充說明（選填）,Additional notes (optional),Ghi chú bổ sung (tùy chọn),ملاحظات إضافية (اختياري),Notas adicionales (opcional),Observações adicionais (opcional),Notes supplémentaires (facultatif),補足説明（任意）,추가 설명 (선택),اضافی وضاحت (اختیاری),Catatan tambahan (opsional),अतिरिक्त नोट (वैकल्पिक),Дополнительные примечания (необязательно),Ek notlar (isteğe bağlı),可选补充说明,
官方群/聊天,聊天/举报 - 拉黑,拉黑,拉黑,Block,Chặn,حظر,Bloquear,Bloquear,Bloquer,ブロック,차단,بلاک,Blokir,ब्लॉक,Заблокировать,Engelle,拉黑按钮,
官方群/聊天,聊天 - 拉黑确认,确认拉黑该用户？拉黑后对方将无法给您发消息。可在「聊天设置 > 黑名单」中管理。,確認拉黑該用戶？拉黑後對方將無法給您發訊息。可在「聊天設定 > 黑名單」中管理。,Confirm blocking this user? Blocked users can't message you. Manage via Chat Settings > Blacklist.,Xác nhận chặn người dùng này? Người bị chặn không thể nhắn cho bạn. Quản lý tại Cài đặt trò chuyện > Danh sách chặn.,تأكيد حظر هذا المستخدم؟ لن يتمكن المحظورون من مراسلتك. يمكن الإدارة عبر إعدادات الدردشة > القائمة السوداء.,¿Confirmar bloqueo de este usuario? Los bloqueados no pueden enviarte mensajes. Gestiona en Ajustes de chat > Lista negra.,Confirmar bloqueio deste usuário? Usuários bloqueados não podem enviar mensagens. Gerencie em Configurações de chat > Lista de bloqueio.,Confirmer le blocage de cet utilisateur ? Les utilisateurs bloqués ne peuvent pas vous écrire. Gérez via Paramètres du chat > Liste noire.,このユーザーをブロックしますか？ブロック後は相手からメッセージを受け取れません。「チャット設定 > ブラックリスト」で管理できます。,이 사용자를 차단하시겠습니까? 차단된 사용자는 메시지를 보낼 수 없습니다. 채팅 설정 > 차단 목록에서 관리하세요.,کیا آپ اس صارف کو بلاک کرنا چاہتے ہیں؟ بلاک شدہ صارف آپ کو پیغام نہیں بھیج سکتے۔ چیٹ سیٹنگز > بلیک لسٹ سے منظم کریں۔,Blokir pengguna ini? Pengguna yang diblokir tidak dapat mengirim pesan. Kelola di Pengaturan Obrolan > Daftar Blokir.,क्या आप इस उपयोगकर्ता को ब्लॉक करना चाहते हैं? ब्लॉक किए गए उपयोगकर्ता संदेश नहीं भेज सकते। चैट सेटिंग्स > ब्लैकलिस्ट में प्रबंधित करें।,Заблокировать этого пользователя? Заблокированные не смогут писать вам. Управление: Настройки чата > Чёрный список.,Bu kullanıcıyı engellemek istiyor musunuz? Engellenenler size mesaj gönderemez. Sohbet Ayarları > Kara Liste üzerinden yönetin.,拉黑确认弹窗,
官方群/聊天,聊天 - 聊天设置,聊天设置,聊天設定,Chat Settings,Cài đặt trò chuyện,إعدادات الدردشة,Ajustes de chat,Configurações de chat,Paramètres du chat,チャット設定,채팅 설정,چیٹ سیٹنگز,Pengaturan Obrolan,चैट सेटिंग्स,Настройки чата,Sohbet Ayarları,聊天设置入口,
官方群/聊天,聊天设置 - 账号注销,账号注销,帳號註銷,Account Cancellation,Hủy tài khoản,إلغاء الحساب,Cancelación de cuenta,Cancelamento de conta,Suppression de compte,アカウント削除,계정 탈퇴,اکاؤنٹ منسوخی,Pembatalan Akun,खाता रद्दीकरण,Удаление аккаунта,Hesap İptali,账号注销入口,
官方群/聊天,聊天设置 - 拒收陌生人,拒收陌生人消息,拒收陌生人訊息,Reject messages from strangers,Từ chối tin nhắn từ người lạ,رفض رسائل الغرباء,Rechazar mensajes de desconocidos,Rejeitar mensagens de estranhos,Refuser les messages des inconnus,見知らぬ人からのメッセージを拒否,낯선 사람 메시지 거부,اجنبیوں کے پیغامات مسترد کریں,Tolak pesan dari orang asing,अजनबियों के संदेश अस्वीकार करें,Отклонять сообщения от незнакомцев,Yabancı mesajları reddet,拒收陌生人开关,
官方群/聊天,聊天设置 - 拒收陌生人说明,开启后，未互相关注用户的私聊将按平台规则拦截或静默。,開啟後，未互相關注用戶的私聊將按平台規則攔截或靜默。,"When enabled, private messages from users you don't mutually follow will be intercepted or silenced according to platform rules.","Khi bật, tin nhắn riêng từ người dùng chưa theo dõi lẫn nhau sẽ bị chặn hoặc im lặng theo quy tắc nền tảng.",عند التفعيل، ستُعترض أو تُكتم الرسائل الخاصة من المستخدمين غير المتبادلين المتابعة وفق قواعد المنصة.,"Al activar, los mensajes privados de usuarios sin seguimiento mutuo se interceptarán o silenciarán según las reglas de la plataforma.","Quando ativado, mensagens privadas de usuários sem seguimento mútuo serão interceptadas ou silenciadas conforme as regras da plataforma.","Une fois activé, les messages privés des utilisateurs sans abonnement mutuel seront interceptés ou mis en sourdine selon les règles de la plateforme.",有効にすると、相互フォローしていないユーザーからのDMはプラットフォーム規則に従いブロックまたはサイレント処理されます。,활성화 시 상호 팔로우하지 않은 사용자의 DM은 플랫폼 규칙에 따라 차단되거나 무음 처리됩니다.,فعال ہونے پر بغیر باہمی فالو کے صارفین کے نجی پیغامات پلیٹ فارم قواعد کے مطابق روکے یا خاموش کیے جائیں گے۔,"Saat diaktifkan, pesan pribadi dari pengguna tanpa saling mengikuti akan dicegat atau dibisukan sesuai aturan platform.","सक्षम करने पर, बिना पारस्परिक फ़ॉलो के उपयोगकर्ताओं के निजी संदेश प्लेटफ़ॉर्म नियमों के अनुसार रोके या म्यूट किए जाएंगे।",При включении личные сообщения от пользователей без взаимной подписки будут перехватываться или заглушаться по правилам платформы.,Etkinleştirildiğinde karşılıklı takip olmayan kullanıcıların özel mesajları platform kurallarına göre engellenir veya sessize alınır.,开关说明文案,
官方群/聊天,聊天设置 - 黑名单,黑名单,黑名單,Blacklist,Danh sách chặn,القائمة السوداء,Lista negra,Lista de bloqueio,Liste noire,ブラックリスト,차단 목록,بلیک لسٹ,Daftar Blokir,ब्लैकलिस्ट,Чёрный список,Kara Liste,黑名单入口,
官方群/聊天,黑名单 - 移出,移出,移出,Remove,Gỡ bỏ,إزالة,Quitar,Remover,Retirer,解除,제거,ہٹائیں,Hapus,हटाएँ,Удалить,Kaldır,移出黑名单按钮,
官方群/聊天,黑名单 - 移出确认,确认将该用户移出黑名单？,確認將該用戶移出黑名單？,Confirm removing this user from the blacklist?,Xác nhận gỡ người dùng này khỏi danh sách chặn?,تأكيد إزالة هذا المستخدم من القائمة السوداء؟,¿Confirmar quitar a este usuario de la lista negra?,Confirmar remover este usuário da lista de bloqueio?,Confirmer le retrait de cet utilisateur de la liste noire ?,このユーザーをブラックリストから解除しますか？,이 사용자를 차단 목록에서 제거하시겠습니까?,کیا آپ اس صارف کو بلیک لسٹ سے ہٹانا چاہتے ہیں؟,Konfirmasi hapus pengguna ini dari daftar blokir?,क्या आप इस उपयोगकर्ता को ब्लैकलिस्ट से हटाना चाहते हैं?,Подтвердить удаление пользователя из чёрного списка?,Bu kullanıcıyı kara listeden çıkarmak istiyor musunuz?,移出确认弹窗,
官方群/聊天,聊天/个人主页 - 拉黑,拉黑,拉黑,Block,Chặn,حظر,Bloquear,Bloquear,Bloquer,ブロック,차단,بلاک,Blokir,ब्लॉक,Заблокировать,Engelle,拉黑操作（繁体源文案）,
官方群/聊天,聊天/列表 - 查看,查看,查看,View,Xem,عرض,Ver,Ver,Voir,表示,보기,دیکھیں,Lihat,देखें,Просмотр,Görüntüle,查看按钮,
【直播间 AI 总结】,,,,,,,,,,,,,,,,,,
直播间 AI 总结,直播间 AI 总结 - 标题,本场纪要,本場紀要,Session Summary,Tóm tắt phiên live,ملخص الجلسة,Resumen de la sesión,Resumo da sessão,Résumé de la session,本場の要約,이번 방송 요약,سیشن کا خلاصہ,Ringkasan Sesi,सत्र सारांश,Сводка эфира,Oturum Özeti,本场纪要标题,
直播间 AI 总结,直播间 AI 总结 - 复制全部,复制全部,複製全部,Copy All,Sao chép tất cả,نسخ الكل,Copiar todo,Copiar tudo,Tout copier,すべてコピー,전체 복사,سب کاپی کریں,Salin Semua,सभी कॉपी करें,Копировать всё,Tümünü Kopyala,复制按钮,
直播间 AI 总结,直播间 AI 总结 - 更新时间,最近更新 {{time}} · {{count}} 条纪要,最近更新 {{time}} · {{count}} 條紀要,Recently updated {{time}} · {{count}} summaries,Cập nhật gần đây {{time}} · {{count}} bản tóm tắt,آخر تحديث {{time}} · {{count}} ملخصات,Actualizado recientemente {{time}} · {{count}} resúmenes,Atualizado recentemente {{time}} · {{count}} resumos,Mis à jour récemment {{time}} · {{count}} résumés,最近更新 {{time}} · {{count}} 件の要約,최근 업데이트 {{time}} · {{count}}개 요약,حالیہ اپ ڈیٹ {{time}} · {{count}} خلاصے,Baru diperbarui {{time}} · {{count}} ringkasan,हाल ही में अपडेट {{time}} · {{count}} सारांश,Недавно обновлено {{time}} · {{count}} сводок,Son güncelleme {{time}} · {{count}} özet,更新时间文案；含占位符,
【直播间行情弹窗】,,,,,,,,,,,,,,,,,,
直播间行情,直播间行情弹窗 - 列表标题,行情列表,行情列表,Market List,Danh sách thị trường,قائمة السوق,Lista de mercado,Lista de mercado,Liste du marché,マーケット一覧,시장 목록,مارکیٹ فہرست,Daftar Pasar,मार्केट सूची,Список рынка,Piyasa Listesi,行情列表,
PC端直播间行情,PC端直播间行情弹窗 - 主播侧弹出币种,已弹出,已彈出,Popped out,Đã tách ra,تم الإخراج,Extraído,Desacoplado,Détaché,ポップアウトしました,분리되었습니다,پاپ آؤٹ ہو گیا,Sudah dilepas,पॉप-आउट हो गया,Откреплено,Ayrıldı,主播侧 Pop Out 成功 Toast,
【自动生成封面图】,,,,,,,,,,,,,,,,,,
直播封面,创建直播 - 生成封面,生成封面,生成封面,Generate Cover,Tạo ảnh bìa,إنشاء غلاف,Generar portada,Gerar capa,Générer la couverture,カバーを生成,커버 생성,کور بنائیں,Buat Sampul,कवर जनरेट करें,Сгенерировать обложку,Kapak Oluştur,生成封面按钮,
直播封面,创建直播 - 手动上传,手动上传？,手動上傳？,Manual Upload?,Tải lên thủ công?,تحميل يدوي؟,¿Subir manualmente?,Upload manual?,Téléchargement manuel ?,手動アップロード？,수동 업로드?,دستی اپ لوڈ؟,Unggah Manual?,मैनुअल अपलोड?,Загрузить вручную?,Manuel Yükleme?,手动上传入口,
直播封面,创建直播 - 重新生成,重新生成,重新生成,Regenerate,Tạo lại,إعادة الإنشاء,Regenerar,Regenerar,Régénérer,再生成,다시 생성,دوبارہ بنائیں,Buat Ulang,पुनः जनरेट करें,Пересоздать,Yeniden Oluştur,重新生成按钮,
直播封面,创建直播 - 仅标题,仅标题,僅標題,Title Only,Chỉ tiêu đề,العنوان فقط,Solo título,Somente título,Titre uniquement,タイトルのみ,제목만,صرف عنوان,Hanya Judul,केवल शीर्षक,Только заголовок,Yalnızca Başlık,封面仅标题模式,
【直播间竞猜】,,,,,,,,,,,,,,,,,,
直播间竞猜,直播间竞猜 - 播放,播放,播放,Play,Phát,تشغيل,Reproducir,Reproduzir,Lire,再生,재생,چلائیں,Putar,चलाएँ,Воспроизвести,Oynat,竞猜动画播放,
直播间竞猜,直播间竞猜 - 停止,停止,停止,Stop,Dừng,إيقاف,Detener,Parar,Arrêter,停止,정지,روکیں,Berhenti,रोकें,Остановить,Durdur,竞猜动画停止,
直播间竞猜,直播间竞猜 - 看涨,看涨,看漲,Bullish,Tăng giá,صعودي,Alcista,Altista,Haussier,強気,상승,بلش,Bullish,बुलिश,Бычий,Yükseliş,看涨选项,
直播间竞猜,直播间竞猜 - 看跌,看跌,看跌,Bearish,Giảm giá,هبوطي,Bajista,Baixista,Baissier,弱気,하락,بیئرش,Bearish,बेयरिश,Медвежий,Düşüş,看跌选项,
【主播认证】,,,,,,,,,,,,,,,,,,
主播认证,主播认证 - 已认证,已认证,已認證,Verified,Đã xác minh,موثق,Verificado,Verificado,Vérifié,認証済み,인증됨,تصدیق شدہ,Terverifikasi,सत्यापित,Подтверждён,Doğrulandı,已认证标签；与 orig 68 去重,
主播认证,主播认证 - 未认证,未认证,未認證,Unverified,Chưa xác minh,غير موثق,No verificado,Não verificado,Non vérifié,未認証,미인증,غیر تصدیق شدہ,Belum diverifikasi,असत्यापित,Не подтверждён,Doğrulanmadı,未认证标签；与 orig 59 去重,
主播认证,主播认证 - X 认证,X 认证,X 認證,X Verification,Xác minh X,توثيق X,Verificación X,Verificação X,Vérification X,X認証,X 인증,X تصدیق,Verifikasi X,X सत्यापन,Верификация X,X Doğrulama,X 认证入口；与 orig 56 去重,
主播认证,主播认证 - X 授权提示,将打开 X 完成授权,將打開 X 完成授權,Will open X to complete authorization,Sẽ mở X để hoàn tất ủy quyền,سيتم فتح X لإكمال التفويض,Se abrirá X para completar la autorización,Abrirá o X para concluir a autorização,X s'ouvrira pour terminer l'autorisation,Xを開いて認可を完了します,X를 열어 인증을 완료합니다,تصدیق مکمل کرنے کے لیے X کھولا جائے گا,Akan membuka X untuk menyelesaikan otorisasi,प्राधिकरण पूरा करने के लिए X खुलेगा,Откроется X для завершения авторизации,Yetkilendirmeyi tamamlamak için X açılacak,跳转 X 授权说明,
主播认证,主播认证 - 绑定 X,绑定 X,綁定 X,Link X,Liên kết X,ربط X,Vincular X,Vincular X,Lier X,Xを連携,X 연결,X منسلک کریں,Tautkan X,X लिंक करें,Привязать X,X Bağla,绑定 X 按钮,
主播认证,主播认证 - 去认证,去认证,去認證,Verify,Xác minh,توثيق,Verificar,Verificar,Vérifier,認証する,인증하기,تصدیق کریں,Verifikasi,सत्यापित करें,Подтвердить,Doğrula,去认证按钮,
主播认证,主播认证 - 今日领积分,今日领取积分,今日領取積分,Claim Points Today,Nhận điểm hôm nay,استلام النقاط اليوم,Reclamar puntos hoy,Resgatar pontos hoje,Réclamer des points aujourd'hui,本日ポイント受取,오늘 포인트 받기,آج پوائنٹس حاصل کریں,Klaim Poin Hari Ini,आज अंक प्राप्त करें,Получить баллы сегодня,Bugün Puan Al,任务入口,
主播认证,主播认证 - 进行中任务,进行中任务：,進行中任務：,Ongoing Tasks:,Nhiệm vụ đang thực hiện:,المهام الجارية:,Tareas en curso:,Tarefas em andamento:,Tâches en cours :,進行中のタスク：,진행 중인 작업:,جاری کام:,Tugas Berjalan:,चल रहे कार्य:,Текущие задачи:,Devam Eden Görevler:,任务状态前缀,
主播认证,主播认证 - 今日进度,今日进度：,今日進度：,Today's Progress:,Tiến độ hôm nay:,تقدم اليوم:,Progreso de hoy:,Progresso de hoje:,Progrès du jour :,本日の進捗：,오늘 진행률:,آج کی پیش رفت:,Kemajuan Hari Ini:,आज की प्रगति:,Прогресс сегодня:,Bugünkü İlerleme:,进度前缀,
主播认证,主播认证 - 审核中,审核中,審核中,Processing,Đang xử lý,قيد المعالجة,En proceso,Em processamento,En cours,審査中,처리 중,زیر التواء,Diproses,प्रसंस्करण में,На рассмотрении,İşleniyor,认证状态,
主播认证,主播认证 - 可领取,可领取,可領取,Claimable,Có thể nhận,قابل للاستلام,Reclamable,Resgatável,Réclamable,受取可能,수령 가능,قابل حصول,Dapat Diklaim,प्राप्त करने योग्य,Доступно к получению,Alınabilir,任务可领取,
主播认证,主播认证 - 交易员认证,交易员认证,交易員認證,Trader Verify,Xác minh trader,توثيق المتداول,Verificación de trader,Verificação de trader,Vérification trader,トレーダー認証,트레이더 인증,ٹریڈر تصدیق,Verifikasi Trader,ट्रेडर सत्यापन,Верификация трейдера,Trader Doğrulama,交易员认证入口,
主播认证,主播认证 - 提交认证,提交认证,提交認證,Submit Verification,Gửi xác minh,إرسال التوثيق,Enviar verificación,Enviar verificação,Soumettre la vérification,認証を提出,인증 제출,تصدیق جمع کرائیں,Kirim Verifikasi,सत्यापन जमा करें,Отправить на верификацию,Doğrulamayı Gönder,提交认证按钮,
主播认证,主播认证 - 认证中,认证中,認證中,Verifying,Đang xác minh,جارٍ التوثيق,Verificando,Verificando,Vérification en cours,認証中,인증 중,تصدیق جاری,Memverifikasi,सत्यापन जारी,На верификации,Doğrulanıyor,认证进行中,
主播认证,主播认证 - 认证失败,认证失败,認證失敗,Verification Failed,Xác minh thất bại,فشل التوثيق,Verificación fallida,Verificação falhou,Échec de la vérification,認証失敗,인증 실패,تصدیق ناکام,Verifikasi Gagal,सत्यापन विफल,Верификация не пройдена,Doğrulama Başarısız,认证失败状态,
主播认证,主播认证 - 重新提交,重新提交认证,重新提交認證,Resubmit Verification,Gửi lại xác minh,إعادة إرسال التوثيق,Reenviar verificación,Reenviar verificação,Resoumettre la vérification,認証を再提出,인증 재제출,تصدیق دوبارہ جمع کرائیں,Kirim Ulang Verifikasi,सत्यापन पुनः जमा करें,Повторно отправить верификацию,Doğrulamayı Yeniden Gönder,重新提交按钮,
【交易所详情页】,,,,,,,,,,,,,,,,,,
交易所详情,交易所详情 - 24h现货交易量,24小时现货交易量,24小時現貨交易量,24h Spot Trading Volume,Khối lượng giao dịch spot 24h,حجم تداول سبوت 24 ساعة,Volumen spot 24 h,Volume spot 24h,Volume spot 24 h,24時間現物取引量,24시간 현물 거래량,24 گھنٹے اسپاٹ ٹریڈنگ والیوم,Volume Spot 24j,24 घंटे स्पॉट ट्रेडिंग वॉल्यूम,Спотовый объём за 24 ч,24s Spot İşlem Hacmi,数据指标,
交易所详情,交易所详情 - 总资产,总资产,總資產,Total Assets,Tổng tài sản,إجمالي الأصول,Activos totales,Ativos totais,Actifs totaux,総資産,총 자산,کل اثاثے,Total Aset,कुल संपत्ति,Общие активы,Toplam Varlıklar,数据指标,
交易所详情,交易所详情 - 存储估值,存储估值,儲存估值,Storage Valuation,Định giá lưu trữ,تقييم التخزين,Valoración de almacenamiento,Avaliação de armazenamento,Évaluation du stockage,保管評価額,보관 평가액,اسٹوریج ویلیوایشن,Valuasi Penyimpanan,स्टोरेज मूल्यांकन,Оценка хранения,Depolama Değerlemesi,数据指标,
交易所详情,交易所详情 - 关于,关于,關於,About,Giới thiệu,حول,Acerca de,Sobre,À propos,概要,소개,متعلق,Tentang,के बारे में,О проекте,Hakkında,关于模块,
交易所详情,交易所详情 - 上线日期,上线日期,上線日期,Launch Date,Ngày ra mắt,تاريخ الإطلاق,Fecha de lanzamiento,Data de lançamento,Date de lancement,ローンチ日,출시일,لانچ کی تاریخ,Tanggal Peluncuran,लॉन्च तिथि,Дата запуска,Lansman Tarihi,关于字段,
交易所详情,交易所详情 - 交易对数量,交易对数量,交易對數量,Number of Trading Pairs,Số cặp giao dịch,عدد أزواج التداول,Número de pares,Número de pares,Nombre de paires,取引ペア数,거래쌍 수,ٹریڈنگ پیئرز کی تعداد,Jumlah Pasangan,ट्रेडिंग पेयर की संख्या,Количество торговых пар,İşlem Çifti Sayısı,关于字段,
交易所详情,交易所详情 - 访问热度,访问热度,訪問熱度,Visit Popularity,Độ phổ biến truy cập,شعبية الزيارات,Popularidad de visitas,Popularidade de visitas,Popularité des visites,アクセス人気,방문 인기,وزٹ کی مقبولیت,Popularitas Kunjungan,विज़िट लोकप्रियता,Популярность посещений,Ziyaret Popülerliği,关于字段,
交易所详情,交易所详情 - 数据来源,数据来源,數據來源,Data Source,Nguồn dữ liệu,مصدر البيانات,Fuente de datos,Fonte de dados,Source des données,データソース,데이터 출처,ڈیٹا ماخذ,Sumber Data,डेटा स्रोत,Источник данных,Veri Kaynağı,关于字段,
交易所详情,交易所详情 - 资金储备,资金储备,資金儲備,Fund Reserves,Dự trữ quỹ,احتياطي الأموال,Reservas de fondos,Reservas de fundos,Réserves de fonds,資金準備金,자금 준비금,فنڈ ریزرو,Cadangan Dana,फंड रिज़र्व,Резервы средств,Fon Rezervleri,关于字段,
交易所详情,交易所详情 - 钱包筛选,"仅展示余额大于 $500,000 的钱包信息","僅展示餘額大於 $500,000 的錢包資訊","Only display wallet information with a balance greater than $500,000",Chỉ hiển thị ví có số dư lớn hơn $500.000,"عرض معلومات المحافظ التي يزيد رصيدها عن 500,000 دولار فقط","Mostrar solo carteras con saldo superior a $500,000",Exibir apenas carteiras com saldo superior a US$ 500.000,Afficher uniquement les portefeuilles dont le solde dépasse 500 000 $,"残高が$500,000を超えるウォレット情報のみ表示","잔액이 $500,000 초과인 지갑 정보만 표시","صرف $500,000 سے زیادہ بیلنس والے والیٹ کی معلومات دکھائیں",Hanya tampilkan dompet dengan saldo lebih dari $500.000,"केवल $500,000 से अधिक बैलेंस वाले वॉलेट की जानकारी दिखाएँ",Показывать только кошельки с балансом более $500 000,Yalnızca bakiyesi $500.000'den fazla olan cüzdan bilgilerini göster,余额筛选说明；与 orig 86 去重,
交易所详情,交易所详情 - 余额延迟提示,* 这些钱包的准确余额显示可能存在延迟,* 這些錢包的準確餘額顯示可能存在延遲,* There may be delays in displaying the accurate balances of these wallets,* Có thể có độ trễ khi hiển thị số dư chính xác của các ví này,* قد تتأخر عرض الأرصدة الدقيقة لهذه المحافظ,* Puede haber retrasos al mostrar los saldos exactos de estas carteras,* Pode haver atrasos na exibição dos saldos exatos dessas carteiras,* Des retards peuvent survenir pour afficher les soldes exacts de ces portefeuilles,* これらのウォレットの正確な残高表示に遅延が生じる場合があります,* 이러한 지갑의 정확한 잔액 표시에 지연이 있을 수 있습니다,* ان والیٹس کے درست بیلنس دکھانے میں تاخیر ہو سکتی ہے,* Mungkin ada keterlambatan menampilkan saldo akurat dompet ini,* इन वॉलेट के सटीक बैलेंस दिखाने में देरी हो सकती है,* Возможны задержки при отображении точных балансов этих кошельков,* Bu cüzdanların doğru bakiyelerinin gösterilmesinde gecikmeler olabilir,数据延迟免责声明,
交易所详情,交易所详情 - 价值,价值,價值,Value,Giá trị,القيمة,Valor,Valor,Valeur,価値,가치,قدر,Nilai,मूल्य,Стоимость,Değer,钱包价值列,
交易所详情,交易所详情 - 代币分配,代币分配,代幣分配,Token Allocation,Phân bổ token,توزيع الرموز,Asignación de tokens,Alocação de tokens,Allocation de jetons,トークン配分,토큰 배분,ٹوکن مختص,Alokasi Token,टोकन आवंटन,Распределение токенов,Token Dağılımı,代币分配模块,
交易所详情,交易所详情 - 按价值占比,按价值占比,按價值佔比,By Value Proportion,Theo tỷ lệ giá trị,حسب نسبة القيمة,Por proporción de valor,Por proporção de valor,Par proportion de valeur,価値比率順,가치 비율별,قدر کے تناسب سے,Berdasarkan Proporsi Nilai,मूल्य अनुपात के अनुसार,По доле стоимости,Değer Oranına Göre,分配视图切换,
交易所详情,交易所详情 - 钱包数据免责,"仅展示余额大于 $500,000 的钱包信息。第三方钱包地址资产相关信息与数据均来自公开第三方信息，OnCoin 不对该等信息与数据的准确性或时效性负责核验。","僅展示餘額大於 $500,000 的錢包資訊。第三方錢包地址資產相關資訊與數據均來自公開第三方資訊，OnCoin 不對該等資訊與數據的準確性或時效性負責核驗。","Only display wallet information with a balance greater than $500,000. All information and data regarding assets held in third-party wallet addresses are sourced from publicly available third-party information. OnCoin shall not be responsible for verifying the accuracy or timeliness of such information and data.",Chỉ hiển thị ví có số dư lớn hơn $500.000. Mọi thông tin và dữ liệu về tài sản trong địa chỉ ví bên thứ ba đều từ nguồn công khai; OnCoin không chịu trách nhiệm xác minh độ chính xác hoặc kịp thời.,"عرض معلومات المحافظ التي يزيد رصيدها عن 500,000 دولار فقط. جميع المعلومات والبيانات المتعلقة بأصول عناوين المحافظ الخارجية من مصادر عامة، ولا يتحمل OnCoin مسؤولية التحقق من دقتها أو حداثتها.","Mostrar solo carteras con saldo superior a $500,000. Toda la información sobre activos en direcciones de terceros proviene de fuentes públicas; OnCoin no verifica su exactitud ni actualidad.",Exibir apenas carteiras com saldo superior a US$ 500.000. Todas as informações sobre ativos em endereços de terceiros vêm de fontes públicas; a OnCoin não verifica sua precisão ou atualidade.,Afficher uniquement les portefeuilles dont le solde dépasse 500 000 $. Toutes les informations sur les actifs des adresses tierces proviennent de sources publiques ; OnCoin n'en vérifie pas l'exactitude ni l'actualité.,"残高が$500,000を超えるウォレット情報のみ表示。第三者ウォレットアドレスの資産情報・データはすべて公開第三者情報に基づき、OnCoinはその正確性・最新性の検証責任を負いません。","잔액이 $500,000 초과인 지갑 정보만 표시합니다. 제3자 지갑 주소 자산 관련 정보와 데이터는 공개 제3자 정보에서 제공되며, OnCoin은 정확성·시의성 검증 책임을 지지 않습니다.","صرف $500,000 سے زیادہ بیلنس والے والیٹ دکھائیں۔ تیسرے فریق والیٹ پتوں کے اثاثوں کی معلومات عوامی ذرائع سے ہیں؛ OnCoin درستگی یا بروقت ہونے کی تصدیق کا ذمہ دار نہیں۔",Hanya tampilkan dompet dengan saldo lebih dari $500.000. Semua informasi aset di alamat dompet pihak ketiga bersumber dari informasi publik; OnCoin tidak bertanggung jawab memverifikasi keakuratan atau ketepatan waktunya.,"केवल $500,000 से अधिक बैलेंस वाले वॉलेट दिखाएँ। तृतीय-पक्ष वॉलेट पतेों की संपत्ति संबंधी सभी जानकारी सार्वजनिक स्रोतों से है; OnCoin सटीकता/समयबद्धता सत्यापित करने के लिए जिम्मेदार नहीं है।",Показывать только кошельки с балансом более $500 000. Вся информация об активах сторонних адресов из открытых источников; OnCoin не проверяет точность и актуальность.,Yalnızca bakiyesi $500.000'den fazla cüzdanları gösterin. Üçüncü taraf cüzdan adreslerindeki varlık bilgileri kamuya açık kaynaklardan gelir; OnCoin doğruluk veya güncellikten sorumlu değildir.,第三方钱包数据免责声明,
【回放切片及发送】,,,,,,,,,,,,,,,,,,
回放切片,回放切片 - 发布精彩切片,发布精彩切片,發布精彩切片,Publish Highlight Clips,Xuất bản clip nổi bật,نشر مقاطع مميزة,Publicar clips destacados,Publicar clipes em destaque,Publier des extraits,ハイライトクリップを公開,하이라이트 클립 게시,نمایاں کلپس شائع کریں,Publikasikan Klip Sorotan,हाइलाइट क्लिप प्रकाशित करें,Опубликовать лучшие клипы,Öne Çıkan Klipleri Yayınla,发布入口；与 orig 99 去重,
回放切片,回放切片 - 本场切片,本场直播切片（可多选）,本場直播切片（可多選）,Clips from this live session (multiple selectable),Clip từ phiên live này (chọn nhiều),مقاطع من هذه الجلسة (اختيار متعدد),Clips de esta sesión en vivo (selección múltiple),Clipes desta sessão ao vivo (múltipla seleção),Extraits de cette session live (sélection multiple),本場ライブのクリップ（複数選択可）,이번 라이브 클립 (다중 선택),اس سیشن کے کلپس (متعدد انتخاب),Klip dari sesi live ini (pilih beberapa),इस लाइव सत्र के क्लिप (एक से अधिक चयन),Клипы этого эфира (множественный выбор),Bu canlı oturumdan klipler (çoklu seçim),切片选择说明,
回放切片,回放切片 - 同时发布完整回放,同时发布完整回放,同時發布完整回放,Publish Full Replay As Well,Đồng thời xuất bản replay đầy đủ,نشر إعادة العرض الكاملة أيضاً,Publicar también la repetición completa,Publicar replay completo também,Publier aussi le replay complet,フルリプレイも同時公開,전체 다시보기도 함께 게시,مکمل ری پلے بھی شائع کریں,Publikasikan Replay Lengkap Juga,पूर्ण रीप्ले भी प्रकाशित करें,Также опубликовать полный повтор,Tam Tekrarı da Yayınla,选项,
回放切片,回放切片 - 完整回放说明,可选：开启后主视频默认播放完整回放,可選：開啟後主影片預設播放完整回放,"Optional: When enabled, the main video defaults to full replay playback","Tùy chọn: Khi bật, video chính mặc định phát replay đầy đủ",اختياري: عند التفعيل، يُشغّل الفيديو الرئيسي إعادة العرض الكاملة افتراضياً,"Opcional: al activar, el video principal reproduce la repetición completa por defecto","Opcional: quando ativado, o vídeo principal reproduz o replay completo por padrão","Facultatif : une fois activé, la vidéo principale lit le replay complet par défaut",任意：有効時はメイン動画がフルリプレイをデフォルト再生,선택: 활성화 시 메인 영상이 전체 다시보기를 기본 재생,اختیاری: فعال ہونے پر مرکزی ویڈیو مکمل ری پلے چلائے گی,"Opsional: saat diaktifkan, video utama memutar replay lengkap secara default",वैकल्पिक: सक्षम होने पर मुख्य वीडियो पूर्ण रीप्ले चलाएगा,Необязательно: при включении основное видео по умолчанию воспроизводит полный повтор,İsteğe bağlı: etkinleştirildiğinde ana video varsayılan olarak tam tekrarı oynatır,选项说明,
回放切片,回放切片 - 不发布,不发布,不發布,Not Publish,Không xuất bản,عدم النشر,No publicar,Não publicar,Ne pas publier,公開しない,게시 안 함,شائع نہ کریں,Jangan Publikasikan,प्रकाशित न करें,Не публиковать,Yayınlama,操作按钮,
回放切片,回放切片 - 发布,发布,發布,Publish,Xuất bản,نشر,Publicar,Publicar,Publier,公開,게시,شائع کریں,Publikasikan,प्रकाशित करें,Опубликовать,Yayınla,操作按钮,
回放切片,回放切片 - 完整回放,完整回放,完整回放,Full Replay,Replay đầy đủ,إعادة عرض كاملة,Repetición completa,Replay completo,Replay complet,フルリプレイ,전체 다시보기,مکمل ری پلے,Replay Lengkap,पूर्ण रीप्ले,Полный повтор,Tam Tekrar,完整回放标签,
回放切片,回放切片 - 发布完整回放确认,发布完整回放？,發布完整回放？,Publish full replay?,Xuất bản replay đầy đủ?,نشر إعادة العرض الكاملة؟,¿Publicar repetición completa?,Publicar replay completo?,Publier le replay complet ?,フルリプレイを公開しますか？,전체 다시보기를 게시하시겠습니까?,مکمل ری پلے شائع کریں؟,Publikasikan replay lengkap?,पूर्ण रीप्ले प्रकाशित करें?,Опубликовать полный повтор?,Tam tekrarı yayınla?,确认弹窗,
回放切片,回放切片 - 选择说明,可选择本场直播中多个未发布的录制切片，发布后将被加入该直播回放的精彩合集中。,可選擇本場直播中多個未發布的錄製切片，發布後將被加入該直播回放的精彩合集中。,"Select multiple unreleased clips recorded during this live stream. After publishing, they will be added to the highlight compilation of this live replay.","Chọn nhiều clip chưa phát hành trong phiên live này. Sau khi xuất bản, chúng sẽ được thêm vào tổng hợp nổi bật của replay.",اختر عدة مقاطع غير منشورة من هذا البث المباشر. بعد النشر، ستُضاف إلى مجموعة المقاطع المميزة لإعادة العرض.,"Selecciona varios clips no publicados de este directo. Tras publicar, se añadirán al compilado destacado del replay.","Selecione vários clipes não publicados desta live. Após publicar, serão adicionados à compilação de destaques do replay.","Sélectionnez plusieurs extraits non publiés de ce live. Après publication, ils seront ajoutés à la compilation de ce replay.",このライブで未公開の録画クリップを複数選択できます。公開後、このリプレイのハイライト集に追加されます。,이번 라이브에서 미공개 녹화 클립을 여러 개 선택할 수 있습니다. 게시 후 해당 리플레이 하이라이트 모음에 추가됩니다.,اس لائیو کے غیر شائع شدہ کلپس منتخب کریں۔ شائع ہونے کے بعد ری پلے ہائی لائٹس میں شامل ہوں گے۔,"Pilih beberapa klip belum dirilis dari live ini. Setelah dipublikasikan, akan ditambahkan ke kompilasi sorotan replay.",इस लाइव के अप्रकाशित क्लिप चुनें। प्रकाशित होने पर रीप्ले हाइलाइट संकलन में जोड़े जाएंगे।,Выберите несколько неопубликованных клипов этого эфира. После публикации они попадут в подборку лучших моментов.,Bu canlı yayında yayınlanmamış birden fazla klip seçin. Yayınlandıktan sonra tekrarın öne çıkan derlemesine eklenecektir.,切片选择引导,
回放切片,回放切片 - 待发布切片,待发布录制切片,待發布錄製切片,Pending Recorded Clips,Clip ghi hình chờ xuất bản,مقاطع مسجلة قيد الانتظار,Clips grabados pendientes,Clipes gravados pendentes,Extraits enregistrés en attente,公開待ち録画クリップ,게시 대기 녹화 클립,زیر التواء ریکارڈ شدہ کلپس,Klip Rekaman Tertunda,लंबित रिकॉर्डेड क्लिप,Ожидающие клипы,Bekleyen Kayıtlı Klipler,待发布列表标题,
回放切片,回放切片 - 入口列表空态,暂无回放/切片直播间，请发布后查看,暫無回放/切片直播間，請發布後查看,No replay or clip live rooms yet. Please check after publishing.,Chưa có phòng live replay hoặc clip. Vui lòng kiểm tra sau khi xuất bản.,لا توجد غرف بث مباشر للإعادة أو المقاطع حتى الآن. يُرجى التحقق بعد النشر.,Aún no hay salas en directo con replay o clips. Consulta después de publicar.,Ainda não há salas ao vivo com replay ou clipes. Verifique após publicar.,Aucune salle en direct avec replay ou extraits pour le moment. Veuillez vérifier après publication.,リプレイ/クリップのライブルームはまだありません。公開後にご確認ください。,아직 리플레이/클립 라이브룸이 없습니다. 게시 후 확인해 주세요.,ابھی تک کوئی ری پلے یا کلپ لائیو روم نہیں ہے۔ براہ کرم شائع کرنے کے بعد دیکھیں۔,Belum ada ruang live replay atau klip. Silakan periksa setelah dipublikasikan.,अभी कोई रीप्ले या क्लिप लाइव रूम नहीं है। कृपया प्रकाशित करने के बाद देखें।,Пока нет комнат прямого эфира с повторами или клипами. Проверьте после публикации.,Henüz tekrar veya klip canlı odası yok. Lütfen yayınladıktan sonra kontrol edin.,回放入口列表页「回放」筛选项空态；主播未发布回放/切片时展示,
【学院/快讯优化】,,,,,,,,,,,,,,,,,,
学院/快讯,学院 Tab - 精选,精选,精選,Top Picks,Lựa chọn hàng đầu,أفضل الاختيارات,Mejores selecciones,Melhores escolhas,Meilleurs choix,厳選,추천,بہترین انتخاب,Pilihan Teratas,शीर्ष चयन,Лучший выбор,En İyi Seçimler,精选模块标题,
学院/快讯,学院 Tab - 热门文章,热门文章,熱門文章,Trending Articles,Bài viết thịnh hành,مقالات رائجة,Artículos en tendencia,Artigos em alta,Articles tendance,人気記事,인기 기사,مقبول مضامین,Artikel Tren,ट्रेंडिंग लेख,Популярные статьи,Trend Makaleler,热门文章模块,
学院/快讯,学院/文章 - 浏览量,浏览量,瀏覽量,Views,Lượt xem,المشاهدات,Vistas,Visualizações,Vues,閲覧数,조회수,ملاحظات,Tayangan,व्यूज़,Просмотры,Görüntülenme,浏览量标签,
学院/快讯,学院 - 学院文章,学院文章,學院文章,Institute Articles,Bài viết học viện,مقالات الأكاديمية,Artículos del instituto,Artigos do instituto,Articles de l'institut,アカデミー記事,아카데미 기사,انسٹی ٹیوٹ مضامین,Artikel Institut,संस्थान लेख,Статьи академии,Enstitü Makaleleri,学院文章分类,
学院/快讯,作者详情 - 标题,作者详情,作者詳情,Author Details,Chi tiết tác giả,تفاصيل المؤلف,Detalles del autor,Detalhes do autor,Détails de l'auteur,作者詳細,작성자 상세,مصنف کی تفصیل,Detail Penulis,लेखक विवरण,Сведения об авторе,Yazar Detayları,作者详情页,
学院/快讯,作者详情 - 最新文章,最新文章,最新文章,Latest Articles,Bài viết mới nhất,أحدث المقالات,Artículos más recientes,Artigos mais recentes,Derniers articles,最新記事,최신 기사,تازہ ترین مضامین,Artikel Terbaru,नवीनतम लेख,Последние статьи,En Son Makaleler,最新文章模块,
学院/快讯,作者详情 - 发布时间,发布时间：,發布時間：,Release Time:,Thời gian phát hành:,وقت النشر:,Hora de publicación:,Hora de publicação:,Heure de publication :,公開時間：,게시 시간:,اشاعت کا وقت:,Waktu Rilis:,प्रकाशन समय:,Время публикации:,Yayın Zamanı:,发布时间前缀,
学院/快讯,作者详情 - 创作者热门文章,创作者热门文章,創作者熱門文章,Creator's Popular Articles,Bài viết phổ biến của người sáng tạo,مقالات المبدع الشائعة,Artículos populares del creador,Artigos populares do criador,Articles populaires du créateur,クリエイターの人気記事,크리에이터 인기 기사,تخلیق کار کے مقبول مضامین,Artikel Populer Kreator,निर्माता के लोकप्रिय लेख,Популярные статьи автора,İçerik Üreticisinin Popüler Makaleleri,热门文章模块,
学院/快讯,作者详情 - 关联币种,关联币种,關聯幣種,Associated Currencies,Loại tiền liên quan,العملات المرتبطة,Monedas asociadas,Moedas associadas,Devises associées,関連通貨,관련 코인,متعلق کرنسیاں,Mata Uang Terkait,संबद्ध मुद्राएँ,Связанные монеты,İlişkili Kripto Paralar,关联币种模块,
学院/快讯,作者详情 - 作者动态,作者动态,作者動態,Author Updates,Cập nhật tác giả,تحديثات المؤلف,Actualizaciones del autor,Atualizações do autor,Actualités de l'auteur,作者の更新,작성자 업데이트,مصنف کی اپ ڈیٹس,Pembaruan Penulis,लेखक अपडेट,Обновления автора,Yazar Güncellemeleri,作者动态模块,
学院/快讯,作者详情 - 热门文章,热门文章,熱門文章,Hot Articles,Bài viết hot,مقالات ساخنة,Artículos populares,Artigos em alta,Articles populaires,人気記事,인기 기사,مقبول مضامین,Artikel Populer,लोकप्रिय लेख,Горячие статьи,Popüler Makaleler,热门文章标题,
学院/快讯,作者详情 - 币种行情,币种行情,幣種行情,Currency Market Quotes,Báo giá thị trường tiền tệ,أسعار سوق العملات,Cotizaciones del mercado,Cotações de mercado,Cours du marché,通貨マーケット相場,코인 시장 시세,کرنسی مارکیٹ کوٹس,Kutipan Pasar Mata Uang,मुद्रा बाज़ार कोट,Рыночные котировки,Para Piyasası Kurları,币种行情模块,
学院/快讯,行情/快讯 - 涨幅,涨幅,漲幅,Gain,Tăng,ارتفاع,Ganancia,Ganho,Gain,上昇,상승,اضافہ,Kenaikan,वृद्धि,Рост,Kazanç,涨跌幅标签,
学院/快讯,行情/快讯 - 跌幅,跌幅,跌幅,Drop,Giảm,انخفاض,Caída,Queda,Baisse,下落,하락,کمی,Penurunan,गिरावट,Падение,Düşüş,涨跌幅标签,
学院/快讯,文章详情 - 相关代币,相关代币,相關代幣,Related Tokens,Token liên quan,الرموز ذات الصلة,Tokens relacionados,Tokens relacionados,Jetons associés,関連トークン,관련 토큰,متعلق ٹوکنز,Token Terkait,संबंधित टोकन,Связанные токены,İlişkili Tokenler,相关代币模块,
学院/快讯,文章详情 - 相关快讯,相关快讯,相關快訊,Related News Flash,Tin nhanh liên quan,أخبار عاجلة ذات صلة,Noticias flash relacionadas,Notícias rápidas relacionadas,Flash info associées,関連ニュースフラッシュ,관련 속보,متعلق فوری خبریں,Berita Kilat Terkait,संबंधित न्यूज़ फ़्लैश,Связанные новости,İlgili Haber Flaşları,相关快讯模块,
学院/快讯,文章详情 - 相关文章,相关文章,相關文章,Related Articles,Bài viết liên quan,مقالات ذات صلة,Artículos relacionados,Artigos relacionados,Articles associés,関連記事,관련 기사,متعلق مضامین,Artikel Terkait,संबंधित लेख,Связанные статьи,İlgili Makaleler,相关文章模块,
学院/快讯,深度文章 Tab - 律动文章分类,律动文章,律動文章,BlockBeats Articles,Bài viết BlockBeats,مقالات BlockBeats,Artículos de BlockBeats,Artigos BlockBeats,Articles BlockBeats,BlockBeats記事,BlockBeats 기사,BlockBeats مضامین,Artikel BlockBeats,BlockBeats लेख,Статьи BlockBeats,BlockBeats Makaleleri,深度文章 Tab 固定默认分类（律动 BlockBeats API 同步）；面包屑默认分类名,
回放切片,回放评论 - 回放禁评提示,回放不允许评论,回放不允許評論,No comments allowed in replay,Không được bình luận trong phát lại,لا يُسمح بالتعليقات في الإعادة,No se permiten comentarios en la repetición,Comentários não são permitidos no replay,Commentaires non autorisés sur le replay,リプレイではコメントできません,다시보기에서는 댓글을 달 수 없습니다,ری پلے میں تبصرے کی اجازت نہیں,Komentar tidak diizinkan di replay,रीप्ले में टिप्पणियों की अनुमति नहीं है,Комментарии в повторе недоступны,Tekrarda yorum yapılamaz,回放状态下评论输入/发送限制提示,
开播界面,开播弹窗 - 标题字数限制,2–100 个字符,2–100 個字元,2–100 characters,2–100 ký tự,من 2 إلى 100 حرف,2–100 caracteres,2–100 caracteres,2 à 100 caractères,2～100文字,2~100자,2–100 حروف,2–100 karakter,2–100 अक्षर,2–100 символов,2-100 karakter,评论输入框校验提示，限制 2–100 字符,
广告管理,广告卡片 - 赞助广告标识,赞助广告,贊助廣告,Ad,,,,,,,,,,,,,PC 首页/列表流原生广告卡标识,